[
  { "packages\\react-reconciler\\src\\ReactFiberBeginWork.js": 37 },
  { "scripts\\fiber\\tests-passing.txt": 29 },
  { "packages\\react-reconciler\\src\\ReactFiberScheduler.js": 28 },
  { "packages\\react-reconciler\\src\\ReactFiberHooks.new.js": 24 },
  { "package.json": 23 },
  { "src\\renderers\\shared\\fiber\\ReactFiberBeginWork.js": 21 },
  { "src\\renderers\\shared\\fiber\\ReactFiberScheduler.js": 21 },
  { "packages\\react-reconciler\\src\\ReactFiberHooks.old.js": 21 },
  { "packages\\react-reconciler\\src\\ReactFiberHooks.js": 18 },
  { "packages\\shared\\forks\\ReactFeatureFlags.www.js": 18 },
  { "packages\\shared\\ReactFeatureFlags.js": 17 },
  { "packages\\react-reconciler\\src\\ReactFiberWorkLoop.new.js": 17 },
  { "packages\\react-reconciler\\src\\ReactFiberWorkLoop.js": 16 },
  { "packages\\react-debug-tools\\src\\ReactDebugHooks.js": 16 },
  { "src\\devtools\\store.js": 15 },
  { "packages\\react-reconciler\\src\\ReactFiberClassComponent.js": 15 },
  { "packages\\react-reconciler\\src\\ReactFiberCompleteWork.js": 14 },
  { "yarn.lock": 14 },
  { "packages\\react-devtools-shared\\src\\backend\\renderer.js": 14 },
  { "packages\\react-reconciler\\src\\ReactFiberWorkLoop.old.js": 14 },
  { "src\\backend\\renderer.js": 13 },
  {
    "packages\\react-reconciler\\src\\__tests__\\ReactSuspenseWithNoopRenderer-test.internal.js": 13
  },
  {
    "packages\\react-reconciler\\src\\__tests__\\ReactIncrementalErrorHandling-test.internal.js": 13
  },
  { "src\\renderers\\shared\\fiber\\ReactChildFiber.js": 12 },
  { "packages\\shared\\forks\\ReactFeatureFlags.native-fb.js": 12 },
  { "packages\\shared\\forks\\ReactFeatureFlags.native-oss.js": 12 },
  { "packages\\shared\\forks\\ReactFeatureFlags.test-renderer.js": 12 },
  { "packages\\shared\\forks\\ReactFeatureFlags.test-renderer.www.js": 12 },
  { "packages\\react-noop-renderer\\src\\createReactNoop.js": 12 },
  { "packages\\react-reconciler\\src\\ReactFiberBeginWork.new.js": 12 },
  { "src\\core\\ReactCompositeComponent.js": 11 },
  { "src\\renderers\\shared\\fiber\\ReactFiber.js": 11 },
  { "src\\renderers\\shared\\fiber\\ReactFiberReconciler.js": 11 },
  { "packages\\react-reconciler\\src\\ReactFiber.js": 11 },
  { "scripts\\rollup\\bundles.js": 11 },
  { "scripts\\error-codes\\codes.json": 11 },
  { "packages\\react-reconciler\\src\\ReactFiber.new.js": 11 },
  { "packages\\react-reconciler\\src\\ReactUpdateQueue.js": 10 },
  { "packages\\react-reconciler\\src\\ReactFiberClassComponent.new.js": 10 },
  { "packages\\react-reconciler\\src\\ReactFiberThrow.new.js": 10 },
  { "scripts\\fiber\\tests-failing.txt": 9 },
  { "src\\renderers\\shared\\fiber\\ReactFiberCompleteWork.js": 9 },
  { "packages\\react-reconciler\\src\\ReactFiberUnwindWork.js": 9 },
  { "packages\\react-reconciler\\src\\ReactFiberReconciler.js": 9 },
  {
    "packages\\react-reconciler\\src\\__tests__\\__snapshots__\\ReactIncrementalPerf-test.internal.js.snap": 9
  },
  { "packages\\react-reconciler\\src\\ReactFiberRoot.js": 9 },
  {
    "packages\\react-reconciler\\src\\__tests__\\ReactSuspense-test.internal.js": 9
  },
  { "packages\\react\\src\\__tests__\\ReactProfiler-test.internal.js": 9 },
  {
    "packages\\react-debug-tools\\src\\__tests__\\ReactHooksInspectionIntegration-test.js": 9
  },
  { "packages\\react-reconciler\\src\\ReactFiberBeginWork.old.js": 9 },
  { "packages\\react-reconciler\\src\\ReactFiberReconciler.new.js": 9 },
  { "packages\\react-reconciler\\src\\ReactFiberCommitWork.new.js": 9 },
  { "scripts\\rollup\\results.json": 8 },
  { "packages\\react-reconciler\\src\\ReactFiberCommitWork.js": 8 },
  { "packages\\shared\\forks\\ReactFeatureFlags.www-dynamic.js": 8 },
  { "packages\\react-reconciler\\src\\ReactChildFiber.new.js": 8 },
  { "packages\\react-reconciler\\src\\ReactFiberClassComponent.old.js": 8 },
  { "packages\\react-reconciler\\src\\ReactFiberThrow.old.js": 8 },
  { "packages\\react-reconciler\\src\\ReactFiber.old.js": 8 },
  { "src\\renderers\\shared\\fiber\\ReactFiberCommitWork.js": 7 },
  { "src\\renderers\\shared\\ReactDebugTool.js": 7 },
  { "src\\renderers\\shared\\fiber\\ReactFiberContext.js": 7 },
  {
    "packages\\react-reconciler\\src\\__tests__\\ReactIncremental-test.internal.js": 7
  },
  { "packages\\react-reconciler\\src\\ReactDebugFiberPerf.js": 7 },
  {
    "packages\\react-reconciler\\src\\__tests__\\ReactIncrementalUpdates-test.internal.js": 7
  },
  {
    "packages\\react-reconciler\\src\\__tests__\\ReactNewContext-test.internal.js": 7
  },
  { "packages\\shared\\forks\\ReactFeatureFlags.testing.js": 7 },
  { "packages\\shared\\forks\\ReactFeatureFlags.testing.www.js": 7 },
  { "packages\\react-dom\\src\\__tests__\\ReactDOMComponent-test.js": 7 },
  { "packages\\react-reconciler\\src\\ReactFiberClassUpdateQueue.new.js": 7 },
  { "packages\\react-reconciler\\src\\ReactFiberCommitWork.old.js": 7 },
  { "packages\\react-reconciler\\src\\ReactInternalTypes.js": 7 },
  { "src\\isomorphic\\ReactDebugTool.js": 6 },
  { "src\\renderers\\dom\\shared\\ReactDOMComponent.js": 6 },
  { "src\\renderers\\dom\\shared\\__tests__\\ReactDOMComponent-test.js": 6 },
  {
    "src\\renderers\\shared\\stack\\reconciler\\instantiateReactComponent.js": 6
  },
  { "scripts\\fiber\\tests-passing-except-dev.txt": 6 },
  {
    "src\\renderers\\shared\\stack\\reconciler\\ReactCompositeComponent.js": 6
  },
  { "src\\renderers\\shared\\fiber\\__tests__\\ReactIncremental-test.js": 6 },
  { "packages\\shared\\forks\\ReactFeatureFlags.persistent.js": 6 },
  { "packages\\react-dom\\src\\client\\ReactDOMHostConfig.js": 6 },
  {
    "packages\\react-reconciler\\src\\__tests__\\useMutableSource-test.internal.js": 6
  },
  { ".github\\ISSUE_TEMPLATE\\devtools_bug_report.yml": 6 },
  { "packages\\react-dom\\src\\__tests__\\ReactDOMInput-test.js": 6 },
  { "packages\\react-dom\\src\\server\\ReactPartialRenderer.js": 6 },
  { "packages\\react-reconciler\\src\\ReactFiberCompleteWork.new.js": 6 },
  { "packages\\react\\src\\React.js": 6 },
  {
    "packages\\react-dom\\src\\__tests__\\ReactDOMServerPartialHydration-test.internal.js": 6
  },
  { "Gruntfile.js": 5 },
  { "src\\renderers\\noop\\ReactNoop.js": 5 },
  {
    "src\\renderers\\shared\\fiber\\__tests__\\ReactIncrementalSideEffects-test.js": 5
  },
  { "src\\renderers\\dom\\fiber\\ReactDOMFiber.js": 5 },
  { "src\\renderers\\shared\\fiber\\ReactFiberClassComponent.js": 5 },
  { "src\\isomorphic\\classic\\element\\ReactElementValidator.js": 5 },
  { "src\\isomorphic\\hooks\\ReactComponentTreeHook.js": 5 },
  { "src\\renderers\\shared\\fiber\\ReactDebugCurrentFiber.js": 5 },
  {
    "src\\renderers\\shared\\fiber\\__tests__\\ReactIncrementalErrorHandling-test.js": 5
  },
  { "src\\renderers\\dom\\fiber\\ReactDOMFiberComponent.js": 5 },
  { "packages\\react-noop-renderer\\src\\ReactNoop.js": 5 },
  { "packages\\react-scheduler\\src\\ReactScheduler.js": 5 },
  { "src\\__tests__\\store-test.js": 5 },
  { "packages\\react-reconciler\\src\\ReactChildFiber.js": 5 },
  {
    "packages\\react-reconciler\\src\\__tests__\\ReactHooks-test.internal.js": 5
  },
  {
    "packages\\react-reconciler\\src\\__tests__\\ReactHooksWithNoopRenderer-test.internal.js": 5
  },
  {
    "packages\\react-reconciler\\src\\__tests__\\ReactSchedulerIntegration-test.internal.js": 5
  },
  {
    "packages\\react-reconciler\\src\\__tests__\\ReactSuspenseList-test.internal.js": 5
  },
  {
    "packages\\react-dom\\src\\events\\__tests__\\DOMModernPluginEventSystem-test.internal.js": 5
  },
  {
    "packages\\react-reconciler\\src\\__tests__\\DebugTracing-test.internal.js": 5
  },
  {
    "packages\\react-reconciler\\src\\__tests__\\ReactSuspenseFuzz-test.internal.js": 5
  },
  { "packages\\react-dom\\src\\events\\ReactDOMEventListener.js": 5 },
  { "packages\\react-reconciler\\src\\ReactChildFiber.old.js": 5 },
  { "packages\\react-reconciler\\src\\ReactFiberHydrationContext.new.js": 5 },
  { "packages\\react-dom\\src\\__tests__\\ReactServerRendering-test.js": 5 },
  { "packages\\react-devtools-shared\\src\\backend\\agent.js": 5 },
  { "packages\\react-server\\src\\ReactFizzServer.js": 5 },
  {
    "packages\\react-devtools-shared\\src\\__tests__\\inspectedElement-test.js": 5
  },
  { "packages\\react-reconciler\\src\\ReactFiberReconciler.old.js": 5 },
  { "packages\\react-dom\\src\\__tests__\\ReactDOMFizzServer-test.js": 5 },
  { "packages\\react-reconciler\\src\\ReactFiberRoot.new.js": 5 },
  { "src\\core\\__tests__\\ReactCompositeComponent-test.js": 4 },
  { "src\\renderers\\dom\\shared\\ReactDOMDebugTool.js": 4 },
  { "examples\\fiber\\debugger\\src\\Fibers.js": 4 },
  { "examples\\fiber\\debugger\\yarn.lock": 4 },
  { "README.md": 4 },
  {
    "src\\renderers\\dom\\shared\\__tests__\\ReactDOMServerIntegration-test.js": 4
  },
  {
    "packages\\react-reconciler\\src\\__tests__\\ReactIncrementalPerf-test.js": 4
  },
  { "scripts\\jest\\test-framework-setup.js": 4 },
  { "packages\\react-reconciler\\src\\ReactFiberUpdateQueue.js": 4 },
  { "packages\\react-dom\\src\\events\\__tests__\\SyntheticEvent-test.js": 4 },
  { "scripts\\circleci\\test_entry_point.sh": 4 },
  { "src\\backend\\agent.js": 4 },
  { "src\\__tests__\\__snapshots__\\store-test.js.snap": 4 },
  { "src\\devtools\\views\\Profiler\\CommitTreeBuilder.js": 4 },
  { "src\\devtools\\views\\Components\\TreeContext.js": 4 },
  { "packages\\react-fresh\\src\\ReactFreshBabelPlugin.js": 4 },
  {
    "packages\\react-fresh\\src\\__tests__\\__snapshots__\\ReactFreshBabelPlugin-test.js.snap": 4
  },
  { "packages\\react-events\\src\\Press.js": 4 },
  { "src\\devtools\\views\\root.css": 4 },
  { "packages\\react-reconciler\\src\\SchedulerWithReactIntegration.js": 4 },
  { "src\\devtools\\views\\Settings\\SettingsContext.js": 4 },
  { "shells\\browser\\shared\\src\\main.js": 4 },
  { "src\\devtools\\views\\Profiler\\Profiler.js": 4 },
  { "packages\\react-reconciler\\src\\ReactFiberExpirationTime.js": 4 },
  { "packages\\react-dom\\src\\client\\ReactDOM.js": 4 },
  { "packages\\react-dom\\src\\events\\EnterLeaveEventPlugin.js": 4 },
  { "packages\\jest-react\\package.json": 4 },
  {
    "packages\\react-dom\\src\\events\\__tests__\\SelectEventPlugin-test.js": 4
  },
  { "packages\\react-dom\\src\\__tests__\\ReactUpdates-test.js": 4 },
  {
    "packages\\react-dom\\src\\events\\__tests__\\DeprecatedDOMEventResponderSystem-test.internal.js": 4
  },
  {
    "packages\\react-reconciler\\src\\__tests__\\ReactIncrementalSideEffects-test.internal.js": 4
  },
  { "packages\\react-devtools-core\\src\\standalone.js": 4 },
  { "packages\\react-reconciler\\src\\DebugTracing.js": 4 },
  { "packages\\shared\\ReactTypes.js": 4 },
  { "packages\\react-native-renderer\\src\\ReactNativeRenderer.js": 4 },
  {
    "packages\\react-reconciler\\src\\__tests__\\ReactLazy-test.internal.js": 4
  },
  {
    "packages\\react-reconciler\\src\\__tests__\\ReactSuspenseWithNoopRenderer-test.js": 4
  },
  { "packages\\react-devtools-inline\\webpack.config.js": 4 },
  { "packages\\react-dom\\src\\__tests__\\ReactDOMEventListener-test.js": 4 },
  { "packages\\react-devtools-shared\\src\\utils.js": 4 },
  { "packages\\react-dom\\src\\__tests__\\ReactDOMSelect-test.js": 4 },
  { "packages\\react-reconciler\\src\\__tests__\\ReactPersistent-test.js": 4 },
  { "packages\\react-test-renderer\\src\\ReactTestRenderer.js": 4 },
  { "packages\\react\\src\\ReactChildren.js": 4 },
  { "packages\\react-devtools-extensions\\webpack.backend.js": 4 },
  { "packages\\react-dom\\src\\server\\ReactPartialRendererHooks.js": 4 },
  { "packages\\react-reconciler\\src\\ReactFiberSuspenseComponent.new.js": 4 },
  { "packages\\react-reconciler\\src\\ReactFiberUnwindWork.new.js": 4 },
  { "packages\\react\\index.js": 4 },
  { "packages\\react-server\\src\\ReactFlightServer.js": 4 },
  { "packages\\react-devtools-shared\\src\\bridge.js": 4 },
  { "packages\\react-devtools\\CHANGELOG.md": 4 },
  { "scripts\\jest\\preprocessor.js": 4 },
  { "packages\\react-reconciler\\src\\ReactFiberNewContext.new.js": 4 },
  { "packages\\react-reconciler\\src\\ReactFiberLane.new.js": 4 },
  { "src\\core\\ReactComponent.js": 3 },
  { "src\\core\\ReactNativeComponent.js": 3 },
  { "src\\core\\__tests__\\ReactInstanceHandles-test.js": 3 },
  { "src\\browser\\ui\\React.js": 3 },
  { "src\\isomorphic\\__tests__\\ReactPerf-test.js": 3 },
  { "src\\renderers\\dom\\client\\ReactMount.js": 3 },
  { "src\\renderers\\dom\\server\\ReactServerRendering.js": 3 },
  { "src\\renderers\\native\\ReactNativeMount.js": 3 },
  { "examples\\fiber\\debugger\\src\\describeFibers.js": 3 },
  { "examples\\fiber\\debugger\\src\\App.js": 3 },
  { "src\\renderers\\shared\\shared\\__tests__\\ReactComponent-test.js": 3 },
  { "examples\\fiber\\debugger\\package.json": 3 },
  { "examples\\fiber\\debugger\\src\\index.js": 3 },
  { "src\\isomorphic\\classic\\types\\__tests__\\ReactPropTypes-test.js": 3 },
  { "src\\shared\\types\\checkReactTypeSpec.js": 3 },
  { "src\\renderers\\shared\\stack\\reconciler\\ReactRef.js": 3 },
  { "src\\renderers\\shared\\fiber\\ReactFiberHostContext.js": 3 },
  { "src\\renderers\\dom\\fiber\\wrappers\\ReactDOMFiberSelect.js": 3 },
  { "src\\isomorphic\\classic\\element\\ReactElement.js": 3 },
  { "src\\renderers\\shared\\stack\\reconciler\\ReactChildReconciler.js": 3 },
  { "src\\isomorphic\\classic\\element\\ReactDebugCurrentFrame.js": 3 },
  { "src\\renderers\\shared\\server\\ReactPartialRenderer.js": 3 },
  { "src\\renderers\\shared\\stack\\reconciler\\ReactMultiChild.js": 3 },
  { "src\\renderers\\dom\\fiber\\__tests__\\ReactDOMFiber-test.js": 3 },
  { "src\\renderers\\testing\\__tests__\\ReactTestRenderer-test.js": 3 },
  { "src\\renderers\\shared\\fiber\\ReactFiberUpdateQueue.js": 3 },
  { "packages\\react-cs-renderer\\src\\__tests__\\ReactNativeCS-test.js": 3 },
  { "packages\\react-cs-renderer\\src\\ReactNativeCSFeatureFlags.js": 3 },
  { "scripts\\rollup\\shims\\rollup\\ReactFeatureFlags-www.js": 3 },
  { "packages\\react-dom\\src\\__tests__\\EventPluginHub-test.js": 3 },
  {
    "packages\\react-dom\\src\\__tests__\\ReactBrowserEventEmitter-test.js": 3
  },
  { "packages\\react-dom\\src\\__tests__\\ReactDOMComponentTree-test.js": 3 },
  {
    "packages\\react-dom\\src\\__tests__\\ReactDOMServerIntegration-test.js": 3
  },
  { "packages\\react-dom\\src\\__tests__\\ReactMount-test.js": 3 },
  { "packages\\react-dom\\src\\__tests__\\validateDOMNesting-test.js": 3 },
  { "packages\\react-dom\\src\\__tests__\\ReactComponentLifeCycle-test.js": 3 },
  { "packages\\react-reconciler\\src\\ReactFiberHostContext.js": 3 },
  {
    "packages\\react-reconciler\\src\\__tests__\\ReactIncrementalTriangle-test.internal.js": 3
  },
  { "packages\\react-scheduler\\src\\__tests__\\ReactScheduler-test.js": 3 },
  { "packages\\react\\src\\ReactElementValidator.js": 3 },
  { "scripts\\rollup\\modules.js": 3 },
  { "packages\\react-reconciler\\src\\ReactFiberContext.js": 3 },
  { "packages\\shared\\forks\\ReactFeatureFlags.native-fabric-fb.js": 3 },
  { "packages\\shared\\forks\\ReactFeatureFlags.native-fabric-oss.js": 3 },
  { "packages\\react-dom\\src\\__tests__\\ReactCompositeComponent-test.js": 3 },
  {
    "packages\\react-debug-tools\\src\\__tests__\\ReactHooksInspectionIntegration-test.internal.js": 3
  },
  { "packages\\react-fresh\\src\\__tests__\\ReactFreshBabelPlugin-test.js": 3 },
  { "src\\devtools\\views\\Components\\Tree.js": 3 },
  { "packages\\react-fresh\\src\\__tests__\\ReactFreshIntegration-test.js": 3 },
  { "packages\\react-events\\src\\__tests__\\Press-test.internal.js": 3 },
  { "packages\\react-test-renderer\\src\\ReactShallowRenderer.js": 3 },
  { "packages\\shared\\getComponentName.js": 3 },
  { "src\\devtools\\views\\Profiler\\SidebarSelectedFiberInfo.js": 3 },
  { "packages\\react-reconciler\\src\\ReactFiberHydrationContext.js": 3 },
  {
    "packages\\react-dom\\src\\__tests__\\ReactServerRenderingHydration-test.js": 3
  },
  { "packages\\react-dom\\src\\client\\ReactDOMComponentTree.js": 3 },
  { "packages\\react-dom\\src\\events\\ReactBrowserEventEmitter.js": 3 },
  {
    "packages\\react-reconciler\\src\\forks\\ReactFiberHostConfig.custom.js": 3
  },
  {
    "packages\\react-dom\\src\\events\\__tests__\\EnterLeaveEventPlugin-test.js": 3
  },
  { "scripts\\rollup\\forks.js": 3 },
  { "packages\\react-debug-tools\\package.json": 3 },
  {
    "packages\\react-devtools-shared\\src\\devtools\\views\\Components\\HooksTree.js": 3
  },
  { "fixtures\\dom\\package.json": 3 },
  { "fixtures\\dom\\yarn.lock": 3 },
  { "packages\\react-dom\\src\\__tests__\\CSSPropertyOperations-test.js": 3 },
  {
    "packages\\react-dom\\src\\__tests__\\ReactDOMFiberAsync-test.internal.js": 3
  },
  {
    "packages\\react-reconciler\\src\\__tests__\\ReactSuspensePlaceholder-test.internal.js": 3
  },
  { "packages\\react\\src\\__tests__\\ReactProfilerDOM-test.internal.js": 3 },
  {
    "packages\\eslint-plugin-react-hooks\\__tests__\\ESLintRuleExhaustiveDeps-test.js": 3
  },
  { "packages\\eslint-plugin-react-hooks\\src\\ExhaustiveDeps.js": 3 },
  { "packages\\react-dom\\src\\client\\ReactDOMEventHandle.js": 3 },
  { "packages\\react-dom\\src\\events\\DOMModernPluginEventSystem.js": 3 },
  {
    "packages\\react-reconciler\\src\\__tests__\\SchedulingProfiler-test.internal.js": 3
  },
  { "packages\\react-devtools-shared\\src\\hydration.js": 3 },
  { "packages\\react-reconciler\\src\\ReactFiberTreeReflection.js": 3 },
  {
    "packages\\react-devtools-shared\\src\\devtools\\views\\ErrorBoundary\\ReportNewIssue.js": 3
  },
  { "packages\\react-devtools-shell\\webpack.config.js": 3 },
  { "packages\\react-devtools-shared\\package.json": 3 },
  { "packages\\react-devtools-shared\\src\\backend\\legacy\\renderer.js": 3 },
  {
    "packages\\react-dom\\src\\__tests__\\ReactDOMServerIntegrationHooks-test.js": 3
  },
  { "packages\\react-dom\\src\\__tests__\\ReactDOMTextarea-test.js": 3 },
  { "packages\\react-dom\\src\\client\\inputValueTracking.js": 3 },
  { "packages\\react-dom\\src\\test-utils\\ReactTestUtils.js": 3 },
  {
    "packages\\react-reconciler\\src\\__tests__\\ReactHooksWithNoopRenderer-test.js": 3
  },
  { "packages\\shared\\consoleWithStackDev.js": 3 },
  { "packages\\react-devtools-extensions\\webpack.config.js": 3 },
  { "packages\\react-reconciler\\src\\ReactFiberFlags.js": 3 },
  { "packages\\react-reconciler\\src\\ReactFiberLane.old.js": 3 },
  { "packages\\react\\index.classic.fb.js": 3 },
  { "packages\\react\\index.experimental.js": 3 },
  { "packages\\react\\index.modern.fb.js": 3 },
  { "packages\\react\\src\\ReactHooks.js": 3 },
  {
    "packages\\react-dom\\src\\__tests__\\ReactDOMServerIntegrationNewContext-test.js": 3
  },
  { "packages\\react-devtools-shared\\src\\devtools\\store.js": 3 },
  { "packages\\react-reconciler\\src\\ReactFiberInterleavedUpdates.new.js": 3 },
  { "packages\\react-devtools-shared\\src\\hook.js": 3 },
  { "packages\\react-reconciler\\src\\ReactFiberHotReloading.new.js": 3 },
  { "packages\\react-reconciler\\src\\ReactFiberRoot.old.js": 3 },
  { ".circleci\\config.yml": 3 },
  { "packages\\react-dom\\src\\server\\ReactDOMServerFormatConfig.js": 3 },
  { "scripts\\merge-fork\\forked-revisions": 3 },
  { "src\\core\\ReactInstanceHandles.js": 2 },
  { "src\\eventPlugins\\ChangeEventPlugin.js": 2 },
  { "src\\core\\ReactMount.js": 2 },
  { "src\\core\\ReactMultiChild.js": 2 },
  { "test\\lib\\reportTestResults.browser.js": 2 },
  { "src\\addons\\transitions\\ReactTransitionableChild.js": 2 },
  { "grunt\\config\\jsx\\jsx.js": 2 },
  { "src\\utils\\__tests__\\cloneWithProps-test.js": 2 },
  { "src\\vendor\\immutable\\__tests__\\ImmutableObject-test.js": 2 },
  { "src\\browser\\ReactDOM.js": 2 },
  { "src\\core\\ReactDescriptor.js": 2 },
  { "src\\core\\__tests__\\ReactPropTransferer-test.js": 2 },
  { "src\\core\\__tests__\\ReactPropTypes-test.js": 2 },
  { "src\\test\\reactComponentExpect.js": 2 },
  { "src\\browser\\ui\\ReactMount.js": 2 },
  { "docs\\docs\\02-displaying-data.zh-CN.md": 2 },
  { "docs\\docs\\02.1-jsx-in-depth.md": 2 },
  { "vendor\\browser-transforms.js": 2 },
  { "src\\shared\\utils\\canDefineProperty.js": 2 },
  { "src\\isomorphic\\ReactDebugInstanceMap.js": 2 },
  { "src\\isomorphic\\__tests__\\ReactDebugInstanceMap-test.js": 2 },
  { "src\\renderers\\shared\\reconciler\\ReactCompositeComponent.js": 2 },
  {
    "src\\isomorphic\\devtools\\__tests__\\ReactNativeOperationHistoryDevtool-test.js": 2
  },
  { "src\\isomorphic\\__tests__\\ReactDebugTool-test.js": 2 },
  { "src\\renderers\\dom\\client\\wrappers\\ReactDOMTextarea.js": 2 },
  { "src\\isomorphic\\devtools\\ReactComponentTreeDevtool.js": 2 },
  { "src\\renderers\\testing\\ReactTestMount.js": 2 },
  { "src\\test\\ReactTestUtils.js": 2 },
  { "src\\renderers\\shared\\ReactInstrumentation.js": 2 },
  { "src\\renderers\\shared\\fiber\\ReactFiberPendingWork.js": 2 },
  { "src\\shared\\utils\\getNextDebugID.js": 2 },
  { ".travis.yml": 2 },
  { "src\\addons\\transitions\\ReactTransitionGroup.js": 2 },
  { "src\\addons\\transitions\\__tests__\\ReactTransitionGroup-test.js": 2 },
  { "src\\renderers\\shared\\stack\\reconciler\\ReactInstanceType.js": 2 },
  { "examples\\fiber\\debugger\\.gitignore": 2 },
  { "src\\isomorphic\\classic\\class\\ReactClass.js": 2 },
  {
    "src\\isomorphic\\classic\\element\\__tests__\\ReactElementValidator-test.js": 2
  },
  {
    "src\\isomorphic\\modern\\element\\__tests__\\ReactJSXElementValidator-test.js": 2
  },
  { "src\\renderers\\dom\\shared\\CSSPropertyOperations.js": 2 },
  { "src\\renderers\\dom\\stack\\client\\ReactDOMComponent.js": 2 },
  {
    "src\\renderers\\shared\\shared\\__tests__\\ReactComponentLifeCycle-test.js": 2
  },
  { "src\\renderers\\shared\\shared\\__tests__\\ReactMultiChild-test.js": 2 },
  {
    "src\\renderers\\shared\\shared\\__tests__\\ReactStatelessComponent-test.js": 2
  },
  { "gulpfile.js": 2 },
  { "src\\renderers\\shared\\fiber\\isomorphic\\ReactDebugLifeCycle.js": 2 },
  { "src\\renderers\\native\\__tests__\\ReactNativeEvents-test.js": 2 },
  { "src\\renderers\\shared\\utils\\ReactErrorUtils.js": 2 },
  { "src\\renderers\\shared\\utils\\__tests__\\ReactErrorUtils-test.js": 2 },
  { "src\\shared\\utils\\flattenChildren.js": 2 },
  { "src\\renderers\\art\\ReactARTFiber.js": 2 },
  { "scripts\\rollup\\shims\\rollup\\ReactDebugCurrentFrameRollupShim.js": 2 },
  { "src\\renderers\\dom\\stack\\client\\wrappers\\ReactDOMSelect.js": 2 },
  { "docs\\Gemfile.lock": 2 },
  { "src\\renderers\\dom\\shared\\utils\\ReactControlledValuePropTypes.js": 2 },
  { "src\\isomorphic\\children\\traverseAllChildren.js": 2 },
  { "src\\renderers\\dom\\shared\\hooks\\ReactDOMInvalidARIAHook.js": 2 },
  {
    "src\\renderers\\dom\\shared\\hooks\\ReactDOMNullInputValuePropHook.js": 2
  },
  { "src\\renderers\\dom\\shared\\hooks\\ReactDOMUnknownPropertyHook.js": 2 },
  {
    "src\\renderers\\dom\\shared\\__tests__\\ReactDOMTextComponent-test.js": 2
  },
  { "fixtures\\fiber-debugger\\src\\App.js": 2 },
  { "fixtures\\fiber-debugger\\src\\Fibers.js": 2 },
  { "fixtures\\fiber-debugger\\src\\describeFibers.js": 2 },
  { "src\\renderers\\dom\\fiber\\__tests__\\ReactDOMFiberAsync-test.js": 2 },
  { "src\\renderers\\shared\\utils\\ReactFeatureFlags.js": 2 },
  { ".eslintignore": 2 },
  { "packages\\react-noop-renderer\\package.json": 2 },
  { "packages\\react-reconciler\\src\\ReactDebugCurrentFiber.js": 2 },
  { "packages\\shared\\ReactFiberComponentTreeHook.js": 2 },
  { "scripts\\print-warnings\\print-warnings.js": 2 },
  {
    "scripts\\error-codes\\__tests__\\replace-invariant-error-codes-test.js": 2
  },
  { "packages\\react-dom\\src\\__tests__\\ReactDOMSelection-test.js": 2 },
  {
    "packages\\react-dom\\src\\__tests__\\escapeTextContentForBrowser-test.js": 2
  },
  { "packages\\react-dom\\src\\__tests__\\inputValueTracking-test.js": 2 },
  {
    "packages\\react-dom\\src\\__tests__\\quoteAttributeValueForBrowser-test.js": 2
  },
  {
    "packages\\react-dom\\src\\client\\__tests__\\getNodeForCharacterOffset-test.js": 2
  },
  { "packages\\react-dom\\src\\client\\__tests__\\setInnerHTML-test.js": 2 },
  {
    "packages\\react-dom\\src\\events\\__tests__\\BeforeInputEventPlugin-test.js": 2
  },
  {
    "packages\\react-dom\\src\\events\\__tests__\\FallbackCompositionState-test.js": 2
  },
  {
    "packages\\react-dom\\src\\events\\__tests__\\SyntheticClipboardEvent-test.js": 2
  },
  {
    "packages\\react-dom\\src\\events\\__tests__\\SyntheticKeyboardEvent-test.js": 2
  },
  {
    "packages\\react-dom\\src\\events\\__tests__\\SyntheticWheelEvent-test.js": 2
  },
  {
    "packages\\react-dom\\src\\events\\__tests__\\getEventCharCode-test.js": 2
  },
  { "packages\\react-dom\\src\\events\\__tests__\\getEventKey-test.js": 2 },
  {
    "packages\\react-native-renderer\\src\\__tests__\\ReactNativeAttributePayload-test.js": 2
  },
  {
    "packages\\react-native-renderer\\src\\__tests__\\ReactNativeEvents-test.js": 2
  },
  {
    "packages\\react-native-renderer\\src\\__tests__\\ReactNativeMount-test.js": 2
  },
  {
    "packages\\react-native-renderer\\src\\__tests__\\createReactNativeComponentClass-test.js": 2
  },
  { "packages\\react-reconciler\\src\\__tests__\\ReactFragment-test.js": 2 },
  { "packages\\react\\src\\__tests__\\ReactElementValidator-test.js": 2 },
  { "packages\\react\\src\\__tests__\\ReactJSXElementValidator-test.js": 2 },
  { "packages\\shared\\__tests__\\ReactErrorUtils-test.js": 2 },
  { "packages\\shared\\__tests__\\reactProdInvariant-test.js": 2 },
  {
    "packages\\react-test-renderer\\src\\__tests__\\ReactShallowRenderer-test.js": 2
  },
  { "scripts\\circleci\\build.sh": 2 },
  { "packages\\shared\\ReactTypeOfSideEffect.js": 2 },
  { "packages\\react-native-renderer\\src\\ReactNativeTypes.js": 2 },
  {
    "packages\\react-reconciler\\src\\__tests__\\ReactIncrementalErrorReplay-test.js": 2
  },
  { "packages\\react-dom\\src\\client\\ReactDOMFiberComponent.js": 2 },
  { "packages\\react-dom\\src\\client\\ReactDOMFiberInput.js": 2 },
  { "packages\\react-dom\\src\\client\\ReactDOMFiberSelect.js": 2 },
  { "packages\\react-dom\\src\\client\\ReactDOMFiberTextarea.js": 2 },
  { "packages\\react-dom\\src\\client\\validateDOMNesting.js": 2 },
  { "packages\\react\\src\\ReactDebugCurrentFrame.js": 2 },
  { "packages\\events\\SyntheticEvent.js": 2 },
  { "packages\\react-art\\src\\ReactART.js": 2 },
  { "packages\\react-reconciler\\src\\ReactProfilerTimer.js": 2 },
  { "packages\\react\\src\\__tests__\\ReactCoffeeScriptClass-test.coffee": 2 },
  { "packages\\react\\src\\__tests__\\ReactES6Class-test.js": 2 },
  { "packages\\react\\src\\__tests__\\ReactTypeScriptClass-test.ts": 2 },
  { "packages\\react\\src\\__tests__\\createReactClassIntegration-test.js": 2 },
  { "packages\\react-dom\\src\\server\\ReactDOMNodeStreamRenderer.js": 2 },
  { "packages\\react-dom\\src\\server\\ReactDOMStringRenderer.js": 2 },
  { "src\\devtools\\views\\SelectedElement.js": 2 },
  { "packages\\react-dom\\src\\__tests__\\ReactDOMHooks-test.internal.js": 2 },
  {
    "packages\\react-reconciler\\src\\__tests__\\ReactIncrementalPerf-test.internal.js": 2
  },
  {
    "packages\\react-test-renderer\\src\\__tests__\\ReactTestRenderer-test.js": 2
  },
  { "src\\__tests__\\setupTests.js": 2 },
  { "src\\__tests__\\__snapshots__\\profiling-test.js.snap": 2 },
  { "src\\__tests__\\profiling-test.js": 2 },
  { "packages\\react-fresh\\src\\__tests__\\ReactFresh-test.js": 2 },
  { "src\\bridge.js": 2 },
  { "packages\\react-fresh\\src\\ReactFreshRuntime.js": 2 },
  { "src\\backend\\types.js": 2 },
  { "packages\\react-events\\src\\Focus.js": 2 },
  { "packages\\react-reconciler\\src\\ReactFiberNewContext.js": 2 },
  { "packages\\react-reconciler\\src\\ReactFiberSuspenseComponent.js": 2 },
  { "src\\devtools\\views\\Components\\Components.js": 2 },
  { "shells\\browser\\shared\\webpack.config.js": 2 },
  { "shells\\dev\\webpack.config.js": 2 },
  { "src\\devtools\\views\\Profiler\\ReloadAndProfileButton.js": 2 },
  { "src\\devtools\\views\\ErrorBoundary.js": 2 },
  { "src\\devtools\\views\\Profiler\\ProfilerContext.js": 2 },
  { "packages\\scheduler\\src\\Scheduler.js": 2 },
  { "fixtures\\dom\\src\\components\\fixtures\\textareas\\index.js": 2 },
  { "packages\\react-dom\\src\\events\\BeforeInputEventPlugin.js": 2 },
  { "packages\\react-dom\\src\\events\\ChangeEventPlugin.js": 2 },
  { "packages\\react-dom\\src\\events\\SelectEventPlugin.js": 2 },
  { "packages\\react-dom\\src\\events\\SimpleEventPlugin.js": 2 },
  {
    "packages\\react-native-renderer\\src\\ReactNativeBridgeEventPlugin.js": 2
  },
  { "packages\\react-native-renderer\\src\\ReactNativeEventEmitter.js": 2 },
  { "packages\\shared\\HostConfigWithNoHydration.js": 2 },
  { "fixtures\\fiber-debugger\\yarn.lock": 2 },
  { "packages\\eslint-plugin-react-hooks\\package.json": 2 },
  { "packages\\react-art\\package.json": 2 },
  { "packages\\react-dom\\package.json": 2 },
  { "packages\\react-is\\package.json": 2 },
  { "packages\\react-reconciler\\package.json": 2 },
  { "packages\\react\\package.json": 2 },
  { "packages\\shared\\ReactVersion.js": 2 },
  { "scripts\\rollup\\build.js": 2 },
  { "packages\\jest-mock-scheduler\\package.json": 2 },
  {
    "packages\\react-dom\\src\\__tests__\\ReactDOMServerIntegrationAttributes-test.js": 2
  },
  {
    "packages\\react-dom\\src\\__tests__\\ReactDOMServerIntegrationUserInteraction-test.js": 2
  },
  {
    "packages\\react-dom\\src\\events\\__tests__\\ChangeEventPlugin-test.internal.js": 2
  },
  {
    "packages\\react-interactions\\events\\src\\dom\\__tests__\\Input-test.internal.js": 2
  },
  { "scripts\\jest\\config.base.js": 2 },
  { "packages\\react\\src\\__tests__\\ReactChildren-test.js": 2 },
  {
    "packages\\create-subscription\\src\\__tests__\\createSubscription-test.internal.js": 2
  },
  {
    "packages\\react-dom\\src\\__tests__\\ReactDOMServerIntegrationHooks-test.internal.js": 2
  },
  {
    "packages\\react-reconciler\\src\\__tests__\\ErrorBoundaryReconciliation-test.internal.js": 2
  },
  {
    "packages\\react-reconciler\\src\\__tests__\\ReactExpiration-test.internal.js": 2
  },
  {
    "packages\\react-reconciler\\src\\__tests__\\ReactIncrementalErrorLogging-test.js": 2
  },
  {
    "packages\\react-reconciler\\src\\__tests__\\ReactIncrementalReflection-test.internal.js": 2
  },
  {
    "packages\\react-reconciler\\src\\__tests__\\ReactMemo-test.internal.js": 2
  },
  {
    "packages\\react-reconciler\\src\\__tests__\\ReactTransition-test.internal.js": 2
  },
  { "packages\\react\\src\\__tests__\\ReactDOMTracing-test.internal.js": 2 },
  {
    "packages\\react\\src\\__tests__\\ReactProfilerDevToolsIntegration-test.internal.js": 2
  },
  {
    "packages\\use-subscription\\src\\__tests__\\useSubscription-test.internal.js": 2
  },
  { "packages\\react-dom\\src\\__tests__\\ReactComponent-test.js": 2 },
  { "packages\\react-dom\\src\\shared\\assertValidProps.js": 2 },
  {
    "packages\\react-dom\\src\\__tests__\\ReactDOMServerSelectiveHydration-test.internal.js": 2
  },
  { "packages\\react-reconciler\\src\\ReactFiberExpirationTime.new.js": 2 },
  { "packages\\shared\\ReactSymbols.js": 2 },
  { "packages\\react-reconciler\\src\\ReactFiberDeprecatedEvents.new.js": 2 },
  { "packages\\react-reconciler\\src\\ReactFiberLane.js": 2 },
  { "packages\\react-reconciler\\src\\ReactMutableSource.new.js": 2 },
  {
    "packages\\react-reconciler\\src\\__tests__\\ReactIncrementalUpdates-test.js": 2
  },
  { "packages\\react-dom\\src\\__tests__\\ReactDOM-test.js": 2 },
  { "packages\\react-reconciler\\src\\SchedulingProfiler.js": 2 },
  {
    "packages\\react-devtools-shared\\src\\__tests__\\__snapshots__\\inspectedElementContext-test.js.snap": 2
  },
  {
    "packages\\react-devtools-shared\\src\\__tests__\\inspectedElementContext-test.js": 2
  },
  { "packages\\shared\\isValidElementType.js": 2 },
  { "packages\\react-devtools-shared\\src\\backend\\types.js": 2 },
  {
    "packages\\react-devtools-shared\\src\\devtools\\views\\Components\\InspectedElementContext.js": 2
  },
  {
    "packages\\react-devtools-shared\\src\\devtools\\views\\Components\\types.js": 2
  },
  { "packages\\react-native-renderer\\src\\ReactFabric.js": 2 },
  { "packages\\react-reconciler\\src\\ReactStrictModeWarnings.new.js": 2 },
  { "packages\\react-reconciler\\src\\ReactStrictModeWarnings.old.js": 2 },
  { "packages\\react-reconciler\\src\\ReactTypeOfMode.js": 2 },
  { "packages\\react-devtools-shared\\src\\devtools\\views\\hooks.js": 2 },
  { "packages\\shared\\forks\\ReactFeatureFlags.test-renderer.native.js": 2 },
  { "packages\\react-devtools-inline\\src\\frontend.js": 2 },
  { "packages\\react-devtools-core\\webpack.backend.js": 2 },
  { "packages\\react-devtools-core\\webpack.standalone.js": 2 },
  {
    "packages\\react-devtools-shared\\src\\__tests__\\profilerStore-test.js": 2
  },
  { ".github\\workflows\\devtools_check_repro.yml": 2 },
  {
    "packages\\react-devtools-extensions\\src\\__tests__\\__source__\\__compiled__\\bundle\\index.js": 2
  },
  {
    "packages\\react-devtools-extensions\\src\\__tests__\\__source__\\__compiled__\\bundle\\index.js.map": 2
  },
  {
    "packages\\react-devtools-extensions\\src\\__tests__\\__source__\\__compiled__\\external\\index.js": 2
  },
  {
    "packages\\react-devtools-extensions\\src\\__tests__\\__source__\\__compiled__\\external\\index.js.map": 2
  },
  {
    "packages\\react-devtools-extensions\\src\\__tests__\\__source__\\__compiled__\\inline\\index.js": 2
  },
  {
    "packages\\react-devtools-extensions\\src\\__tests__\\__source__\\index.js": 2
  },
  {
    "packages\\react-devtools-extensions\\src\\__tests__\\parseHookNames-test.js": 2
  },
  { "packages\\react-devtools-extensions\\src\\parseHookNames.js": 2 },
  { "packages\\react-devtools-scheduling-profiler\\package.json": 2 },
  { ".eslintrc.js": 2 },
  { "packages\\react-devtools-extensions\\src\\main.js": 2 },
  {
    "packages\\react-devtools-shared\\src\\devtools\\views\\ErrorBoundary\\ErrorBoundary.js": 2
  },
  { "packages\\react-devtools-shared\\src\\devtools\\views\\utils.js": 2 },
  { "packages\\react-dom\\src\\__tests__\\ReactDOMAttribute-test.js": 2 },
  { "packages\\react-dom\\src\\__tests__\\ReactMultiChildText-test.js": 2 },
  { "packages\\react-dom\\src\\client\\DOMPropertyOperations.js": 2 },
  { "packages\\react-dom\\src\\client\\ReactDOMComponent.js": 2 },
  { "packages\\react-dom\\src\\client\\ToStringValue.js": 2 },
  { "packages\\react-dom\\src\\server\\DOMMarkupOperations.js": 2 },
  { "packages\\react-dom\\src\\shared\\dangerousStyleValue.js": 2 },
  { "packages\\react-reconciler\\src\\ReactPortal.js": 2 },
  { "packages\\react-reconciler\\src\\__tests__\\ReactMemo-test.js": 2 },
  { "packages\\react\\src\\ReactElement.js": 2 },
  { "packages\\react-reconciler\\src\\ReactFiberCompleteWork.old.js": 2 },
  { "packages\\react-dom\\src\\__tests__\\ReactDOMUseId-test.js": 2 },
  { "packages\\react-reconciler\\src\\ReactFiberTreeContext.new.js": 2 },
  { "packages\\react-reconciler\\src\\ReactFiberTreeContext.old.js": 2 },
  { "packages\\react-server\\src\\ReactFizzHooks.js": 2 },
  { "packages\\react-reconciler\\src\\ReactFiberHydrationContext.old.js": 2 },
  { "packages\\react-native-renderer\\src\\ReactFabricEventEmitter.js": 2 },
  {
    "packages\\react-devtools-shared\\src\\devtools\\views\\Settings\\GeneralSettings.js": 2
  },
  { "packages\\react-dom\\src\\__tests__\\ReactDOMFizzServerNode-test.js": 2 },
  {
    "packages\\react-dom\\src\\__tests__\\utils\\ReactDOMServerIntegrationTestUtils.js": 2
  },
  { "packages\\react-dom\\src\\server\\ReactDOMLegacyServerNode.js": 2 },
  {
    "packages\\react-devtools-shared\\src\\__tests__\\__snapshots__\\profilingCache-test.js.snap": 2
  },
  {
    "packages\\react-devtools-shared\\src\\__tests__\\profilingCache-test.js": 2
  },
  { "packages\\react-devtools-extensions\\src\\backend.js": 2 },
  {
    "packages\\react-debug-tools\\src\\__tests__\\ReactHooksInspection-test.js": 2
  },
  { "packages\\react-reconciler\\src\\ReactFiberInterleavedUpdates.old.js": 2 },
  {
    "packages\\react-reconciler\\src\\__tests__\\ReactInterleavedUpdates-test.js": 2
  },
  {
    "packages\\react-reconciler\\src\\__tests__\\ReactDeferredValue-test.js": 2
  },
  { "packages\\react-devtools-shared\\src\\backend\\utils.js": 2 },
  { "scripts\\jest\\jest-cli.js": 2 },
  { "packages\\react-reconciler\\src\\ReactFiberClassUpdateQueue.old.js": 2 },
  { "packages\\react-reconciler\\src\\ReactFiberNewContext.old.js": 2 },
  { "packages\\react-reconciler\\src\\ReactFiberConcurrentUpdates.new.js": 2 },
  { "packages\\react-reconciler\\src\\ReactFiberOffscreenComponent.js": 2 },
  { "vendor\\fbtransform\\transforms\\reactDisplayName.js": 1 },
  { "examples\\todomvc\\js\\app.js": 1 },
  { "src\\utils\\__tests__\\ImmutableObject-test.js": 1 },
  { "src\\core\\__tests__\\ReactIdentity-test.js": 1 },
  { "src\\core\\__tests__\\ReactMultiChildReconcile-test.js": 1 },
  { "src\\utils\\__tests__\\mapChildren-test.js": 1 },
  { "src\\utils\\flattenChildren.js": 1 },
  { "src\\core\\ReactDOMIDOperations.js": 1 },
  { "src\\core\\ReactEventEmitter.js": 1 },
  { "src\\core\\__tests__\\ReactNativeComponent-test.js": 1 },
  { "src\\dom\\CSSProperty.js": 1 },
  { "src\\dom\\CSSPropertyOperations.js": 1 },
  { "src\\dom\\DOMProperty.js": 1 },
  { "src\\dom\\DOMPropertyOperations.js": 1 },
  { "src\\event\\EventPluginHub.js": 1 },
  { "src\\core\\ReactID.js": 1 },
  { "src\\dom\\components\\ReactDOMInput.js": 1 },
  { "docs\\_includes\\nav_docs.html": 1 },
  { "docs\\docs\\03-interactivity-and-dynamic-uis.md": 1 },
  { "bin\\jsx": 1 },
  { "grunt\\config\\jsx\\debug.json": 1 },
  { "grunt\\config\\jsx\\test.json": 1 },
  { "src\\dom\\Danger.js": 1 },
  { "src\\dom\\__tests__\\Danger-test.js": 1 },
  { "src\\environment\\__tests__\\ReactServerRendering-test.js": 1 },
  { "src\\core\\ReactDefaultInjection.js": 1 },
  { "src\\eventPlugins\\DefaultEventPluginOrder.js": 1 },
  { "src\\eventPlugins\\MobileSafariClickEventPlugin.js": 1 },
  { "examples\\jquery-bootstrap\\js\\app.js": 1 },
  { "src\\utils\\OrderedMap.js": 1 },
  { "src\\utils\\__tests__\\OrderedMap-test.js": 1 },
  { "src\\core\\ReactMultiChildUpdateTypes.js": 1 },
  { "src\\core\\__tests__\\ReactMultiChildText-test.js": 1 },
  { "src\\dom\\DOMChildrenOperations.js": 1 },
  { "src\\core\\__tests__\\ReactComponent-test.js": 1 },
  { "examples\\todomvc-backbone\\README.md": 1 },
  { "examples\\todomvc-backbone\\css\\base.css": 1 },
  { "examples\\todomvc-backbone\\index.html": 1 },
  { "examples\\todomvc-backbone\\js\\app.js": 1 },
  { "src\\addons\\transitions\\ReactTransitionEvents.js": 1 },
  { "src\\dom\\components\\__tests__\\ReactDOMInput-test.js": 1 },
  { "src\\core\\ReactInputSelection.js": 1 },
  { "src\\core\\ReactPropTransferer.js": 1 },
  { "docs\\docs\\09-addons.md": 1 },
  { "grunt\\config\\webdriver-jasmine.js": 1 },
  { "src\\test\\all.js": 1 },
  { "src\\test\\mock-modules.js": 1 },
  { "src\\vendor\\stubs\\ReactErrorUtils.js": 1 },
  { "src\\utils\\Transaction.js": 1 },
  { "docs\\docs\\09.1-animation.md": 1 },
  { "src\\utils\\cloneWithProps.js": 1 },
  { "grunt\\config\\jsx.js": 1 },
  { "src\\browser\\dom\\CSSProperty.js": 1 },
  { "src\\browser\\ui\\dom\\DOMPropertyOperations.js": 1 },
  { "src\\browser\\ui\\dom\\__tests__\\DOMPropertyOperations-test.js": 1 },
  { "src\\browser\\eventPlugins\\BeforeInputEventPlugin.js": 1 },
  { "src\\event\\EventPluginUtils.js": 1 },
  { "src\\browser\\ui\\ReactDOMSelection.js": 1 },
  { "src\\core\\ReactDescriptorValidator.js": 1 },
  { "src\\browser\\ui\\dom\\DOMChildrenOperations.js": 1 },
  { "src\\browser\\ui\\dom\\components\\ReactDOMImg.js": 1 },
  { "src\\browser\\ui\\dom\\components\\ReactDOMSelect.js": 1 },
  { "examples\\ballmer-peak\\example.js": 1 },
  { "src\\core\\__tests__\\ReactCompositeComponentError-test.js": 1 },
  { "src\\test\\ReactPerf.js": 1 },
  { "docs\\docs\\05-reusable-components.md": 1 },
  { "npm-react-tools\\README.md": 1 },
  { "src\\vendor\\core\\warning.js": 1 },
  { "src\\core\\ReactUpdateQueue.js": 1 },
  { "src\\core\\__tests__\\ReactCompositeComponentNestedState-test.js": 1 },
  { "src\\core\\__tests__\\ReactCompositeComponentState-test.js": 1 },
  { "src\\modern\\class\\ReactComponent.js": 1 },
  { "src\\addons\\transitions\\ReactCSSTransitionGroupChild.js": 1 },
  { "src\\browser\\ui\\ReactDOMComponent.js": 1 },
  { "src\\browser\\ui\\__tests__\\ReactDOMComponent-test.js": 1 },
  { "src\\classic\\class\\ReactClass.js": 1 },
  { "src\\classic\\class\\__tests__\\ReactClass-test.js": 1 },
  { "src\\classic\\element\\ReactElementValidator.js": 1 },
  { "docs\\_posts\\2013-07-23-community-roundup-5.md": 1 },
  { "docs\\_posts\\2013-07-30-use-react-and-jsx-in-ruby-on-rails.md": 1 },
  { "docs\\_posts\\2014-08-03-community-roundup-21.md": 1 },
  { "docs\\docs\\02-displaying-data.md": 1 },
  { "docs\\docs\\02.1-jsx-in-depth.zh-CN.md": 1 },
  { "docs\\docs\\06-transferring-props.md": 1 },
  { "docs\\docs\\06-transferring-props.zh-CN.md": 1 },
  { "docs\\docs\\ref-09-glossary.md": 1 },
  { "src\\browser\\ui\\dom\\HTMLDOMPropertyConfig.js": 1 },
  { "grunt\\tasks\\version-check.js": 1 },
  { "src\\browser\\eventPlugins\\SelectEventPlugin.js": 1 },
  { "src\\browser\\eventPlugins\\__tests__\\SelectEventPlugin-test.js": 1 },
  { "src\\renderers\\dom\\client\\__tests__\\ReactMount-test.js": 1 },
  { "src\\shared\\vendor\\third_party\\webcomponents.js": 1 },
  { "examples\\basic-jsx\\index.html": 1 },
  { "src\\isomorphic\\modern\\class\\ReactComponent.js": 1 },
  { "src\\renderers\\dom\\client\\eventPlugins\\ChangeEventPlugin.js": 1 },
  { "src\\renderers\\dom\\shared\\ReactDOMTextComponent.js": 1 },
  { "src\\shared\\utils\\ReactErrorUtils.js": 1 },
  { "src\\renderers\\native\\NodeHandle\\NodeHandle.js": 1 },
  { "src\\renderers\\native\\NodeHandle\\UniversalWorkerNodeHandle.js": 1 },
  { "src\\renderers\\native\\ReactNative\\React.js": 1 },
  { "src\\renderers\\native\\ReactNative\\ReactDOM.js": 1 },
  {
    "src\\renderers\\native\\vendor\\react\\vendor\\core\\ExecutionEnvironment.android.js": 1
  },
  {
    "src\\renderers\\native\\vendor\\react\\vendor\\core\\ExecutionEnvironment.ios.js": 1
  },
  { "src\\renderers\\shared\\event\\eventPlugins\\PanResponder.js": 1 },
  { "src\\renderers\\shared\\event\\eventPlugins\\TouchHistoryMath.js": 1 },
  { "src\\renderers\\shared\\reconciler\\ReactMultiChild.js": 1 },
  { "src\\renderers\\shared\\reconciler\\instantiateReactComponent.js": 1 },
  { "src\\renderers\\dom\\shared\\__tests__\\ReactDOMDebugTool-test.js": 1 },
  { "src\\renderers\\shared\\reconciler\\ReactReconciler.js": 1 },
  { "src\\renderers\\shared\\reconciler\\ReactUpdates.js": 1 },
  { "src\\renderers\\shared\\reconciler\\__tests__\\ReactUpdates-test.js": 1 },
  { ".babelrc": 1 },
  {
    "src\\renderers\\dom\\shared\\devtools\\ReactDOMUnknownPropertyDevtool.js": 1
  },
  { "src\\renderers\\dom\\client\\__tests__\\ReactDOMIDOperations-test.js": 1 },
  { "src\\renderers\\dom\\client\\utils\\DOMChildrenOperations.js": 1 },
  {
    "src\\renderers\\dom\\shared\\__tests__\\DOMPropertyOperations-test.js": 1
  },
  { "src\\isomorphic\\devtools\\ReactNativeOperationHistoryDevtool.js": 1 },
  {
    "src\\isomorphic\\devtools\\__tests__\\ReactComponentTreeDevtool-test.js": 1
  },
  {
    "src\\isomorphic\\devtools\\__tests__\\ReactComponentTreeDevtool-test.native.js": 1
  },
  { "src\\isomorphic\\ReactPerf.js": 1 },
  { "src\\renderers\\dom\\client\\wrappers\\ReactDOMInput.js": 1 },
  {
    "src\\renderers\\dom\\client\\wrappers\\__tests__\\ReactDOMInput-test.js": 1
  },
  {
    "src\\renderers\\dom\\client\\wrappers\\__tests__\\ReactDOMTextarea-test.js": 1
  },
  { "src\\renderers\\dom\\shared\\HTMLDOMPropertyConfig.js": 1 },
  {
    "src\\renderers\\shared\\stack\\reconciler\\__tests__\\ReactStatelessComponent-test.js": 1
  },
  { "src\\isomorphic\\classic\\element\\__tests__\\ReactElement-test.js": 1 },
  { "src\\renderers\\dom\\shared\\ReactDOMInstrumentation.js": 1 },
  {
    "src\\renderers\\shared\\stack\\event\\eventPlugins\\ResponderEventPlugin.js": 1
  },
  {
    "src\\renderers\\shared\\stack\\event\\eventPlugins\\ResponderTouchHistoryStore.js": 1
  },
  {
    "src\\renderers\\shared\\devtools\\__tests__\\ReactComponentTreeDevtool-test.js": 1
  },
  { "src\\renderers\\shared\\hooks\\ReactChildrenMutationWarningHook.js": 1 },
  { "src\\renderers\\shared\\stack\\reconciler\\ReactReconciler.js": 1 },
  {
    "src\\renderers\\shared\\stack\\reconciler\\ReactSimpleEmptyComponent.js": 1
  },
  { "src\\renderers\\dom\\client\\eventPlugins\\SimpleEventPlugin.js": 1 },
  { "src\\renderers\\dom\\client\\eventPlugins\\TapEventPlugin.js": 1 },
  {
    "src\\renderers\\dom\\client\\eventPlugins\\__tests__\\SimpleEventPlugin-test.js": 1
  },
  { "src\\renderers\\shared\\stack\\event\\PluginModuleType.js": 1 },
  { "examples\\fiber\\debugger\\README.md": 1 },
  { "examples\\fiber\\debugger\\public\\favicon.ico": 1 },
  { "examples\\fiber\\debugger\\public\\index.html": 1 },
  { "examples\\fiber\\debugger\\src\\Editor.js": 1 },
  { "examples\\fiber\\debugger\\src\\index.css": 1 },
  { "grunt\\tasks\\npm-react-noop.js": 1 },
  { "grunt\\tasks\\npm-react-test.js": 1 },
  { "packages\\react-noop-renderer\\README.md": 1 },
  { "packages\\react-noop-renderer\\index.js": 1 },
  { "src\\renderers\\shared\\fiber\\ReactFiberInstrumentation.js": 1 },
  { "src\\isomorphic\\classic\\element\\ReactCurrentOwner.js": 1 },
  { "src\\renderers\\native\\findNodeHandle.js": 1 },
  { "src\\test\\ReactShallowRenderer.js": 1 },
  { "scripts\\fiber\\record-tests": 1 },
  {
    "src\\renderers\\shared\\shared\\__tests__\\ReactTreeTraversal-test.js": 1
  },
  { "src\\renderers\\shared\\hooks\\ReactHostOperationHistoryHook.js": 1 },
  { "src\\renderers\\shared\\hooks\\ReactInvalidSetStateWarningHook.js": 1 },
  { "src\\renderers\\shared\\fiber\\ReactTypeOfSideEffect.js": 1 },
  { "src\\renderers\\art\\ReactART.js": 1 },
  { "src\\renderers\\art\\ReactARTStack.js": 1 },
  { "src\\renderers\\art\\__tests__\\ReactART-test.js": 1 },
  { "src\\renderers\\dom\\fiber\\wrappers\\ReactDOMFiberInput.js": 1 },
  { "src\\renderers\\dom\\fiber\\wrappers\\ReactDOMFiberTextarea.js": 1 },
  { "src\\renderers\\shared\\fiber\\getCurrentOwnerName.js": 1 },
  {
    "src\\renderers\\shared\\shared\\__tests__\\ReactChildReconciler-test.js": 1
  },
  { "src\\renderers\\shared\\shared\\__tests__\\refs-test.js": 1 },
  { "src\\shared\\ReactTypeOfWork.js": 1 },
  { "fixtures\\README.md": 1 },
  { "fixtures\\browserify\\.gitignore": 1 },
  { "fixtures\\browserify\\index.html": 1 },
  { "fixtures\\browserify\\input.js": 1 },
  { "fixtures\\browserify\\package.json": 1 },
  { "fixtures\\brunch\\.gitignore": 1 },
  { "fixtures\\brunch\\app\\initialize.js": 1 },
  { "fixtures\\brunch\\config.js": 1 },
  { "fixtures\\brunch\\index.html": 1 },
  { "fixtures\\brunch\\input.js": 1 },
  { "fixtures\\brunch\\package.json": 1 },
  { "fixtures\\build-all.js": 1 },
  { "fixtures\\globals.html": 1 },
  { "fixtures\\requirejs.html": 1 },
  { "fixtures\\rjs\\.gitignore": 1 },
  { "fixtures\\rjs\\config.js": 1 },
  { "fixtures\\rjs\\index.html": 1 },
  { "fixtures\\rjs\\input.js": 1 },
  { "fixtures\\rjs\\package.json": 1 },
  { "fixtures\\systemjs-builder\\.gitignore": 1 },
  { "fixtures\\systemjs-builder\\build.js": 1 },
  { "fixtures\\systemjs-builder\\config.js": 1 },
  { "fixtures\\systemjs-builder\\index.html": 1 },
  { "fixtures\\systemjs-builder\\input.js": 1 },
  { "fixtures\\systemjs-builder\\package.json": 1 },
  { "fixtures\\systemjs.html": 1 },
  { "fixtures\\webpack-alias\\.gitignore": 1 },
  { "fixtures\\webpack-alias\\config.js": 1 },
  { "fixtures\\webpack-alias\\index.html": 1 },
  { "fixtures\\webpack-alias\\input.js": 1 },
  { "fixtures\\webpack-alias\\package.json": 1 },
  { "fixtures\\webpack\\.gitignore": 1 },
  { "fixtures\\webpack\\config.js": 1 },
  { "fixtures\\webpack\\index.html": 1 },
  { "fixtures\\webpack\\input.js": 1 },
  { "fixtures\\webpack\\package.json": 1 },
  { "src\\addons\\ReactAddonsDOMDependencies.js": 1 },
  { "src\\umd\\ReactDOMUMDEntry.js": 1 },
  { "src\\umd\\ReactWithAddonsUMDEntry.js": 1 },
  { "src\\umd\\shims\\ReactAddonsDOMDependenciesUMDShim.js": 1 },
  { "src\\renderers\\shared\\fiber\\ReactReifiedYield.js": 1 },
  {
    "src\\renderers\\shared\\stack\\reconciler\\ReactCompositeComponentTypes.js": 1
  },
  { "examples\\fiber\\debugger\\.env": 1 },
  { "src\\renderers\\shared\\fiber\\ReactFiberErrorLogger.js": 1 },
  { "src\\renderers\\dom\\shared\\__tests__\\ReactDOMSVG-test.js": 1 },
  { "src\\addons\\__tests__\\ReactFragment-test.js": 1 },
  { "src\\isomorphic\\classic\\class\\__tests__\\ReactBind-test.js": 1 },
  { "src\\isomorphic\\modern\\class\\ReactNoopUpdateQueue.js": 1 },
  {
    "src\\renderers\\dom\\shared\\__tests__\\CSSPropertyOperations-test.js": 1
  },
  { "src\\renderers\\dom\\shared\\__tests__\\ReactServerRendering-test.js": 1 },
  { "src\\renderers\\dom\\shared\\__tests__\\findDOMNode-test.js": 1 },
  { "src\\renderers\\dom\\shared\\findDOMNode.js": 1 },
  { "src\\renderers\\dom\\stack\\client\\ReactMount.js": 1 },
  { "src\\renderers\\dom\\stack\\server\\ReactServerUpdateQueue.js": 1 },
  {
    "src\\renderers\\shared\\shared\\__tests__\\ReactCompositeComponent-test.js": 1
  },
  { "src\\renderers\\shared\\stack\\reconciler\\ReactUpdateQueue.js": 1 },
  { "src\\shared\\utils\\traverseAllChildren.js": 1 },
  { "src\\renderers\\shared\\fiber\\ReactFiberRoot.js": 1 },
  { "src\\__mocks__\\UIManager.js": 1 },
  { "src\\renderers\\native\\ReactNativeComponentTree.js": 1 },
  { "src\\renderers\\shared\\shared\\event\\EventPluginHub.js": 1 },
  { "src\\isomorphic\\classic\\types\\checkPropTypes.js": 1 },
  { "src\\isomorphic\\React.js": 1 },
  { "src\\isomorphic\\classic\\types\\ReactPropTypes.js": 1 },
  { "src\\renderers\\shared\\shared\\event\\EventPluginUtils.js": 1 },
  { "scripts\\release-manager\\commands\\version.js": 1 },
  {
    "src\\renderers\\shared\\fiber\\__tests__\\ReactFiberHostContext-test.js": 1
  },
  { "src\\renderers\\native\\ReactNativeFiber.js": 1 },
  { "src\\fb\\ReactFBEntry.js": 1 },
  { "src\\umd\\ReactUMDEntry.js": 1 },
  { "docs\\contributing\\how-to-contribute.md": 1 },
  { "src\\renderers\\dom\\shared\\ReactDOMFeatureFlags.js": 1 },
  {
    "src\\renderers\\dom\\shared\\wrappers\\__tests__\\ReactDOMSelect-test.js": 1
  },
  { "CHANGELOG.md": 1 },
  { "docs\\tutorial\\tutorial.md": 1 },
  { ".flowconfig": 1 },
  { ".gitignore": 1 },
  { "scripts\\bench\\README.md": 1 },
  { "scripts\\bench\\analyze.py": 1 },
  { "scripts\\bench\\bench-createclass.js": 1 },
  { "scripts\\bench\\bench-pe-sfc.js": 1 },
  { "scripts\\bench\\bench-pe.js": 1 },
  { "scripts\\bench\\benchmark.js": 1 },
  { "scripts\\bench\\benchmarks\\hacker-news\\benchmark.js": 1 },
  { "scripts\\bench\\benchmarks\\hacker-news\\build.js": 1 },
  { "scripts\\bench\\benchmarks\\hacker-news\\generate.js": 1 },
  { "scripts\\bench\\benchmarks\\hacker-news\\grayarrow.gif": 1 },
  { "scripts\\bench\\benchmarks\\hacker-news\\index.html": 1 },
  { "scripts\\bench\\benchmarks\\hacker-news\\logo.png": 1 },
  { "scripts\\bench\\benchmarks\\hacker-news\\style.css": 1 },
  { "scripts\\bench\\benchmarks\\hacker-news\\top-stories.js": 1 },
  { "scripts\\bench\\benchmarks\\pe-class-components\\benchmark.js": 1 },
  { "scripts\\bench\\benchmarks\\pe-class-components\\build.js": 1 },
  { "scripts\\bench\\benchmarks\\pe-class-components\\index.html": 1 },
  { "scripts\\bench\\benchmarks\\pe-functional-components\\benchmark.js": 1 },
  { "scripts\\bench\\benchmarks\\pe-functional-components\\build.js": 1 },
  { "scripts\\bench\\benchmarks\\pe-functional-components\\index.html": 1 },
  { "scripts\\bench\\benchmarks\\pe-no-components\\benchmark.js": 1 },
  { "scripts\\bench\\benchmarks\\pe-no-components\\build.js": 1 },
  { "scripts\\bench\\benchmarks\\pe-no-components\\index.html": 1 },
  { "scripts\\bench\\build.js": 1 },
  { "scripts\\bench\\extract-component.js": 1 },
  { "scripts\\bench\\measure.py": 1 },
  { "scripts\\bench\\runner.js": 1 },
  { "scripts\\bench\\server.js": 1 },
  { "scripts\\bench\\stats.js": 1 },
  { "scripts\\circleci\\bench.sh": 1 },
  { "scripts\\rollup\\stats.js": 1 },
  { "src\\renderers\\__tests__\\ReactCompositeComponentState-test.js": 1 },
  { "src\\renderers\\dom\\ReactDOMServer.js": 1 },
  { "src\\renderers\\dom\\ReactDOMServerStream.js": 1 },
  { "src\\renderers\\dom\\__mocks__\\ReactDOMServer.js": 1 },
  { "src\\shared\\utils\\lowPriorityWarning.js": 1 },
  { "src\\isomorphic\\children\\__tests__\\ReactChildren-test.js": 1 },
  { "src\\isomorphic\\children\\flattenChildren.js": 1 },
  { "src\\isomorphic\\modern\\class\\ReactBaseClasses.js": 1 },
  { "src\\renderers\\shared\\stack\\reconciler\\KeyEscapeUtils.js": 1 },
  { "src\\renderers\\shared\\stack\\reconciler\\flattenStackChildren.js": 1 },
  { "src\\renderers\\shared\\stack\\reconciler\\traverseStackChildren.js": 1 },
  { "src\\shared\\types\\ReactPropTypesSecret.js": 1 },
  { "src\\shared\\utils\\ReactElementSymbol.js": 1 },
  { "src\\shared\\utils\\__tests__\\KeyEscapeUtils-test.js": 1 },
  { "src\\shared\\utils\\deprecated.js": 1 },
  { "src\\shared\\utils\\getIteratorFn.js": 1 },
  { "fixtures\\fiber-debugger\\package.json": 1 },
  { "docs\\_data\\nav_docs.yml": 1 },
  { "docs\\docs\\reference-react-dom-node-stream.md": 1 },
  { "packages\\react-dom\\node-stream.js": 1 },
  { "src\\node_modules\\react-dom\\node-stream.js": 1 },
  { "src\\node_modules\\react-dom\\server.js": 1 },
  { "src\\renderers\\dom\\ReactDOMNodeStreamEntry.js": 1 },
  { "src\\renderers\\dom\\ReactDOMNodeStreamRenderer.js": 1 },
  { "src\\renderers\\dom\\ReactDOMServerEntry.js": 1 },
  { "src\\renderers\\dom\\ReactDOMStringRenderer.js": 1 },
  { "src\\renderers\\noop\\ReactNoopEntry.js": 1 },
  {
    "src\\renderers\\shared\\fiber\\__tests__\\ReactIncrementalTriangle-test.js": 1
  },
  { "src\\renderers\\__tests__\\ReactCompositeComponent-test.js": 1 },
  { "src\\renderers\\dom\\stack\\client\\ReactReconcileTransaction.js": 1 },
  { "src\\renderers\\dom\\test\\__tests__\\ReactTestUtils-test.js": 1 },
  { "src\\renderers\\native\\ReactNativeReconcileTransaction.js": 1 },
  { "src\\renderers\\native\\__tests__\\ReactNativeMount-test.js": 1 },
  { "src\\renderers\\shared\\stack\\reconciler\\CallbackQueue.js": 1 },
  { "docs\\warnings\\refs-must-have-owner.md": 1 },
  { "src\\renderers\\__tests__\\multiple-copies-of-react-test.js": 1 },
  { "src\\renderers\\__tests__\\ReactComponentTreeHook-test.js": 1 },
  { "src\\renderers\\shared\\stack\\reconciler\\ReactDebugCurrentStack.js": 1 },
  { "src\\renderers\\testing\\ReactShallowRendererEntry.js": 1 },
  { "src\\shared\\ReactFiberComponentTreeHook.js": 1 },
  { "src\\shared\\describeComponentFrame.js": 1 },
  { "src\\renderers\\dom\\shared\\__tests__\\inputValueTracking-test.js": 1 },
  { "src\\renderers\\dom\\shared\\inputValueTracking.js": 1 },
  { "src\\renderers\\dom\\fiber\\ReactDOMFiberEntry.js": 1 },
  { "src\\renderers\\dom\\shared\\__tests__\\ReactMount-test.js": 1 },
  { "src\\renderers\\shared\\fiber\\ReactFiberTreeReflection.js": 1 },
  { "scripts\\attribute-behavior\\.gitignore": 1 },
  { "scripts\\attribute-behavior\\README.md": 1 },
  { "scripts\\attribute-behavior\\package.json": 1 },
  { "scripts\\attribute-behavior\\public\\favicon.ico": 1 },
  { "scripts\\attribute-behavior\\public\\index.html": 1 },
  { "scripts\\attribute-behavior\\public\\manifest.json": 1 },
  { "scripts\\attribute-behavior\\public\\react-dom.production.min.js": 1 },
  { "scripts\\attribute-behavior\\public\\react.production.min.js": 1 },
  { "scripts\\attribute-behavior\\src\\App.css": 1 },
  { "scripts\\attribute-behavior\\src\\App.js": 1 },
  { "scripts\\attribute-behavior\\src\\App.test.js": 1 },
  { "scripts\\attribute-behavior\\src\\index.css": 1 },
  { "scripts\\attribute-behavior\\src\\index.js": 1 },
  { "scripts\\attribute-behavior\\src\\logo.svg": 1 },
  { "scripts\\attribute-behavior\\src\\react-loader.js": 1 },
  { "scripts\\attribute-behavior\\src\\registerServiceWorker.js": 1 },
  { "scripts\\attribute-behavior\\yarn.lock": 1 },
  { "scripts\\prettier\\index.js": 1 },
  { "src\\renderers\\testing\\ReactTestRendererFiberEntry.js": 1 },
  {
    "src\\renderers\\dom\\shared\\eventPlugins\\__tests__\\EnterLeaveEventPlugin-test.js": 1
  },
  { "src\\renderers\\shared\\shared\\ReactTreeTraversal.js": 1 },
  { "src\\renderers\\__tests__\\ReactUpdates-test.js": 1 },
  { "packages\\react-cs-renderer\\src\\ReactNativeCSFiberEntry.js": 1 },
  { "packages\\react-noop-renderer\\src\\ReactNoopEntry.js": 1 },
  { "packages\\shared\\src\\utils\\ReactFeatureFlags.js": 1 },
  { "packages\\events\\EventPluginHub.js": 1 },
  { "packages\\events\\EventPluginRegistry.js": 1 },
  { "packages\\events\\EventPluginUtils.js": 1 },
  { "packages\\events\\EventPropagators.js": 1 },
  { "packages\\events\\PluginModuleType.js": 1 },
  { "packages\\events\\ReactControlledComponent.js": 1 },
  { "packages\\events\\ReactEventEmitterMixin.js": 1 },
  { "packages\\events\\ReactGenericBatching.js": 1 },
  { "packages\\events\\ReactSyntheticEventType.js": 1 },
  { "packages\\events\\ResponderEventPlugin.js": 1 },
  { "packages\\events\\ResponderSyntheticEvent.js": 1 },
  { "packages\\events\\ResponderTouchHistoryStore.js": 1 },
  { "packages\\events\\__tests__\\EventPluginRegistry-test.js": 1 },
  { "packages\\events\\__tests__\\ResponderEventPlugin-test.js": 1 },
  { "packages\\events\\__tests__\\accumulateInto-test.js": 1 },
  { "packages\\events\\accumulate.js": 1 },
  { "packages\\events\\accumulateInto.js": 1 },
  { "packages\\events\\forEachAccumulated.js": 1 },
  { "packages\\events\\package.json": 1 },
  { "packages\\react-art\\npm\\Circle.js": 1 },
  { "packages\\react-art\\npm\\Rectangle.js": 1 },
  { "packages\\react-art\\npm\\Wedge.js": 1 },
  { "packages\\react-cs-renderer\\package.json": 1 },
  { "packages\\react-cs-renderer\\src\\ReactNativeCS.js": 1 },
  { "packages\\react-cs-renderer\\src\\ReactNativeCSTypes.js": 1 },
  { "packages\\react-dom\\index.fb.js": 1 },
  { "packages\\react-dom\\npm\\server.js": 1 },
  { "packages\\react-dom\\npm\\server.node.js": 1 },
  { "packages\\react-dom\\server.js": 1 },
  { "packages\\react-dom\\server.node.js": 1 },
  { "packages\\react-dom\\src\\__tests__\\ReactDOMFiberAsync-test.js": 1 },
  { "packages\\react-dom\\src\\__tests__\\ReactTreeTraversal-test.js": 1 },
  { "packages\\react-dom\\src\\client\\ReactDOMClientInjection.js": 1 },
  { "packages\\react-dom\\src\\client\\ReactDOMFiberOption.js": 1 },
  { "packages\\react-dom\\src\\client\\ReactDOMSelection.js": 1 },
  { "packages\\react-dom\\src\\client\\ReactInputSelection.js": 1 },
  { "packages\\react-dom\\src\\client\\getNodeForCharacterOffset.js": 1 },
  { "packages\\react-dom\\src\\client\\getTextContentAccessor.js": 1 },
  { "packages\\react-dom\\src\\client\\setInnerHTML.js": 1 },
  { "packages\\react-dom\\src\\client\\setTextContent.js": 1 },
  { "packages\\react-dom\\src\\events\\BrowserEventConstants.js": 1 },
  { "packages\\react-dom\\src\\events\\DOMEventPluginOrder.js": 1 },
  { "packages\\react-dom\\src\\events\\FallbackCompositionState.js": 1 },
  { "packages\\react-dom\\src\\events\\SyntheticAnimationEvent.js": 1 },
  { "packages\\react-dom\\src\\events\\SyntheticClipboardEvent.js": 1 },
  { "packages\\react-dom\\src\\events\\SyntheticCompositionEvent.js": 1 },
  { "packages\\react-dom\\src\\events\\SyntheticDragEvent.js": 1 },
  { "packages\\react-dom\\src\\events\\SyntheticFocusEvent.js": 1 },
  { "packages\\react-dom\\src\\events\\SyntheticInputEvent.js": 1 },
  { "packages\\react-dom\\src\\events\\SyntheticKeyboardEvent.js": 1 },
  { "packages\\react-dom\\src\\events\\SyntheticMouseEvent.js": 1 },
  { "packages\\react-dom\\src\\events\\SyntheticTouchEvent.js": 1 },
  { "packages\\react-dom\\src\\events\\SyntheticTransitionEvent.js": 1 },
  { "packages\\react-dom\\src\\events\\SyntheticUIEvent.js": 1 },
  { "packages\\react-dom\\src\\events\\SyntheticWheelEvent.js": 1 },
  { "packages\\react-dom\\src\\events\\TapEventPlugin.js": 1 },
  {
    "packages\\react-dom\\src\\events\\__tests__\\ChangeEventPlugin-test.js": 1
  },
  { "packages\\react-dom\\src\\events\\getEventCharCode.js": 1 },
  { "packages\\react-dom\\src\\events\\getEventKey.js": 1 },
  { "packages\\react-dom\\src\\events\\getEventModifierState.js": 1 },
  { "packages\\react-dom\\src\\events\\getEventTarget.js": 1 },
  { "packages\\react-dom\\src\\events\\getVendorPrefixedEventName.js": 1 },
  { "packages\\react-dom\\src\\events\\isEventSupported.js": 1 },
  { "packages\\react-dom\\src\\server\\ReactDOMServerBrowser.js": 1 },
  { "packages\\react-dom\\src\\server\\ReactDOMServerNode.js": 1 },
  { "packages\\react-dom\\src\\shared\\CSSProperty.js": 1 },
  { "packages\\react-dom\\src\\shared\\CSSPropertyOperations.js": 1 },
  { "packages\\react-dom\\src\\shared\\DOMNamespaces.js": 1 },
  { "packages\\react-dom\\src\\shared\\DOMProperty.js": 1 },
  { "packages\\react-dom\\src\\shared\\HTMLDOMPropertyConfig.js": 1 },
  { "packages\\react-dom\\src\\shared\\HTMLNodeType.js": 1 },
  { "packages\\react-dom\\src\\shared\\ReactControlledValuePropTypes.js": 1 },
  { "packages\\react-dom\\src\\shared\\ReactDOMInjection.js": 1 },
  { "packages\\react-dom\\src\\shared\\ReactDOMInvalidARIAHook.js": 1 },
  { "packages\\react-dom\\src\\shared\\ReactDOMNullInputValuePropHook.js": 1 },
  { "packages\\react-dom\\src\\shared\\ReactDOMUnknownPropertyHook.js": 1 },
  { "packages\\react-dom\\src\\shared\\SVGDOMPropertyConfig.js": 1 },
  { "packages\\react-dom\\src\\shared\\checkReact.js": 1 },
  {
    "packages\\react-dom\\src\\shared\\createMicrosoftUnsafeLocalFunction.js": 1
  },
  { "packages\\react-dom\\src\\shared\\escapeTextContentForBrowser.js": 1 },
  { "packages\\react-dom\\src\\shared\\isCustomComponent.js": 1 },
  { "packages\\react-dom\\src\\shared\\omittedCloseTags.js": 1 },
  { "packages\\react-dom\\src\\shared\\possibleStandardNames.js": 1 },
  { "packages\\react-dom\\src\\shared\\quoteAttributeValueForBrowser.js": 1 },
  { "packages\\react-dom\\src\\shared\\validAriaProperties.js": 1 },
  { "packages\\react-dom\\src\\shared\\voidElementTags.js": 1 },
  { "packages\\react-dom\\src\\shared\\warnValidStyle.js": 1 },
  {
    "packages\\react-dom\\src\\unstable-native-dependencies\\ReactDOMUnstableNativeDependencies.js": 1
  },
  { "packages\\react-native-renderer\\package.json": 1 },
  { "packages\\react-native-renderer\\src\\NativeMethodsMixin.js": 1 },
  { "packages\\react-native-renderer\\src\\NativeMethodsMixinUtils.js": 1 },
  { "packages\\react-native-renderer\\src\\ReactNativeAttributePayload.js": 1 },
  { "packages\\react-native-renderer\\src\\ReactNativeComponent.js": 1 },
  { "packages\\react-native-renderer\\src\\ReactNativeComponentTree.js": 1 },
  { "packages\\react-native-renderer\\src\\ReactNativeEventPluginOrder.js": 1 },
  { "packages\\react-native-renderer\\src\\ReactNativeFiberErrorDialog.js": 1 },
  {
    "packages\\react-native-renderer\\src\\ReactNativeFiberHostComponent.js": 1
  },
  { "packages\\react-native-renderer\\src\\ReactNativeFiberInspector.js": 1 },
  { "packages\\react-native-renderer\\src\\ReactNativeFiberRenderer.js": 1 },
  {
    "packages\\react-native-renderer\\src\\ReactNativeGlobalResponderHandler.js": 1
  },
  { "packages\\react-native-renderer\\src\\ReactNativeInjection.js": 1 },
  { "packages\\react-native-renderer\\src\\ReactNativePropRegistry.js": 1 },
  { "packages\\react-native-renderer\\src\\ReactNativeTagHandles.js": 1 },
  {
    "packages\\react-native-renderer\\src\\ReactNativeViewConfigRegistry.js": 1
  },
  { "packages\\react-native-renderer\\src\\__mocks__\\UIManager.js": 1 },
  { "packages\\react-native-renderer\\src\\__mocks__\\View.js": 1 },
  {
    "packages\\react-native-renderer\\src\\createReactNativeComponentClass.js": 1
  },
  { "packages\\react-native-renderer\\src\\findNodeHandle.js": 1 },
  { "packages\\react-native-renderer\\src\\findNumericNodeHandle.js": 1 },
  { "packages\\react-native-renderer\\src\\takeSnapshot.js": 1 },
  { "packages\\react-reconciler\\src\\ReactCoroutine.js": 1 },
  { "packages\\react-reconciler\\src\\ReactFiberDevToolsHook.js": 1 },
  { "packages\\react-reconciler\\src\\ReactFiberErrorLogger.js": 1 },
  { "packages\\react-reconciler\\src\\ReactFiberInstrumentation.js": 1 },
  { "packages\\react-reconciler\\src\\ReactFiberStack.js": 1 },
  { "packages\\react-reconciler\\src\\ReactTypeOfInternalContext.js": 1 },
  { "packages\\react-reconciler\\src\\__tests__\\ReactCoroutine-test.js": 1 },
  { "packages\\react-rt-renderer\\package.json": 1 },
  { "packages\\react-rt-renderer\\src\\ReactNativeRT.js": 1 },
  { "packages\\react-rt-renderer\\src\\ReactNativeRTComponentTree.js": 1 },
  { "packages\\react-rt-renderer\\src\\ReactNativeRTEventEmitter.js": 1 },
  { "packages\\react-rt-renderer\\src\\ReactNativeRTFiberInspector.js": 1 },
  { "packages\\react-rt-renderer\\src\\ReactNativeRTFiberRenderer.js": 1 },
  { "packages\\react-rt-renderer\\src\\ReactNativeRTTagHandles.js": 1 },
  { "packages\\react-rt-renderer\\src\\ReactNativeRTTypes.js": 1 },
  { "packages\\react\\src\\ReactBaseClasses.js": 1 },
  { "packages\\react\\src\\ReactCurrentOwner.js": 1 },
  { "packages\\react\\src\\ReactNoopUpdateQueue.js": 1 },
  { "packages\\react\\src\\onlyChild.js": 1 },
  { "packages\\shared\\ReactDOMFrameScheduling.js": 1 },
  { "packages\\shared\\ReactErrorUtils.js": 1 },
  { "packages\\shared\\ReactFiberTreeReflection.js": 1 },
  { "packages\\shared\\ReactGlobalSharedState.js": 1 },
  { "packages\\shared\\ReactInstanceMap.js": 1 },
  { "packages\\shared\\ReactTreeTraversal.js": 1 },
  { "packages\\shared\\ReactTypeOfWork.js": 1 },
  { "packages\\shared\\isTextInputElement.js": 1 },
  { "packages\\shared\\lowPriorityWarning.js": 1 },
  { "packages\\shared\\package.json": 1 },
  { "packages\\shared\\reactProdInvariant.js": 1 },
  { "packages\\shared\\validateCallback.js": 1 },
  { "scripts\\error-codes\\extract-errors.js": 1 },
  { "scripts\\error-codes\\replace-invariant-error-codes.js": 1 },
  { "scripts\\jest\\setup.js": 1 },
  { "scripts\\rollup\\mangle.js": 1 },
  { "scripts\\rollup\\packaging.js": 1 },
  { "scripts\\rollup\\shims\\rollup\\DevOnlyStubShim.js": 1 },
  { "scripts\\rollup\\shims\\rollup\\ReactCurrentOwner-www.js": 1 },
  { "scripts\\rollup\\shims\\rollup\\assign-umd.js": 1 },
  { "scripts\\rollup\\shims\\rollup\\lowPriorityWarning-www.js": 1 },
  {
    "packages\\react-reconciler\\src\\__tests__\\__snapshots__\\ReactIncrementalPerf-test.js.snap": 1
  },
  { "packages\\react\\src\\__tests__\\ReactAsyncClassComponent-test.js": 1 },
  { "packages\\react-native-renderer\\src\\ReactNativeFeatureFlags.js": 1 },
  { "packages\\react-dom\\src\\__tests__\\DOMPropertyOperations-test.js": 1 },
  { "packages\\react-dom\\src\\__tests__\\ReactChildReconciler-test.js": 1 },
  {
    "packages\\react-dom\\src\\__tests__\\ReactCompositeComponentState-test.js": 1
  },
  { "packages\\react-dom\\src\\__tests__\\ReactDOMFiber-test.js": 1 },
  { "packages\\react-dom\\src\\__tests__\\ReactDOMInvalidARIAHook-test.js": 1 },
  { "packages\\react-dom\\src\\__tests__\\ReactDOMOption-test.js": 1 },
  { "packages\\react-dom\\src\\__tests__\\ReactDOMProduction-test.js": 1 },
  { "packages\\react-dom\\src\\__tests__\\ReactDOMRoot-test.js": 1 },
  { "packages\\react-dom\\src\\__tests__\\ReactErrorBoundaries-test.js": 1 },
  { "packages\\react-dom\\src\\__tests__\\ReactMockedComponent-test.js": 1 },
  { "packages\\react-dom\\src\\__tests__\\ReactMountDestruction-test.js": 1 },
  { "packages\\react-dom\\src\\__tests__\\ReactMultiChild-test.js": 1 },
  { "packages\\react-dom\\src\\__tests__\\ReactRenderDocument-test.js": 1 },
  { "packages\\react-dom\\src\\__tests__\\ReactStatelessComponent-test.js": 1 },
  { "packages\\react-dom\\src\\__tests__\\ReactTestUtils-test.js": 1 },
  { "packages\\react-dom\\src\\__tests__\\refs-test.js": 1 },
  {
    "packages\\react-dom\\src\\__tests__\\renderSubtreeIntoContainer-test.js": 1
  },
  { "packages\\react\\src\\__tests__\\ReactClassEquivalence-test.js": 1 },
  { "packages\\react\\src\\__tests__\\ReactContextValidator-test.js": 1 },
  { "packages\\react\\src\\__tests__\\ReactElement-test.js": 1 },
  { "packages\\react\\src\\__tests__\\ReactElementClone-test.js": 1 },
  { "packages\\react\\src\\__tests__\\ReactJSXElement-test.js": 1 },
  { "packages\\react\\src\\__tests__\\ReactPureComponent-test.js": 1 },
  { "packages\\shared\\__tests__\\ReactDOMFrameScheduling-test.js": 1 },
  { "scripts\\circleci\\test_coverage.sh": 1 },
  { "scripts\\jest\\environment.js": 1 },
  { "scripts\\jest\\jest.d.ts": 1 },
  { "scripts\\jest\\setupSpecEquivalenceReporter.js": 1 },
  { "scripts\\tasks\\jest.js": 1 },
  { "fixtures\\dom\\src\\components\\fixtures\\text-inputs\\index.js": 1 },
  { ".github\\PULL_REQUEST_TEMPLATE.md": 1 },
  {
    "packages\\react\\src\\__tests__\\ReactAsyncClassComponent-test.internal.js": 1
  },
  {
    "packages\\react-call-return\\src\\__tests__\\ReactCallReturn-test.internal.js": 1
  },
  {
    "packages\\react-reconciler\\src\\__tests__\\ReactIncrementalErrorLogging-test.internal.js": 1
  },
  {
    "packages\\react-reconciler\\src\\__tests__\\ReactIncrementalScheduling-test.internal.js": 1
  },
  { "packages\\shared\\forks\\ReactFeatureFlags.native-fabric.js": 1 },
  { "packages\\shared\\forks\\ReactFeatureFlags.native.js": 1 },
  { "packages\\react-dom\\src\\__tests__\\ReactDOMRoot-test.internal.js": 1 },
  { "packages\\react\\src\\__tests__\\ReactStrictMode-test.internal.js": 1 },
  { "scripts\\rollup\\shims\\react-native\\ReactDebugTool.js": 1 },
  { "scripts\\rollup\\shims\\react-native\\ReactPerf.js": 1 },
  { "packages\\shared\\forks\\requestAnimationFrameForReact.www.js": 1 },
  { "packages\\shared\\requestAnimationFrameForReact.js": 1 },
  { "packages\\react-dom\\src\\events\\DOMTopLevelEventTypes.js": 1 },
  { "fixtures\\schedule\\index.html": 1 },
  { "packages\\react-reconciler\\src\\ReactCapturedValue.js": 1 },
  { "packages\\react-reconciler\\src\\ReactCurrentFiber.js": 1 },
  { "packages\\react-reconciler\\src\\ReactStrictModeWarnings.js": 1 },
  { "packages\\shared\\warningWithoutStack.js": 1 },
  { "packages\\interaction-tracking\\package.json": 1 },
  { "packages\\interaction-tracking\\src\\InteractionTracking.js": 1 },
  {
    "packages\\interaction-tracking\\src\\InteractionTrackingSubscriptions.js": 1
  },
  {
    "packages\\interaction-tracking\\src\\__tests__\\InteractionTracking-test.internal.js": 1
  },
  {
    "packages\\interaction-tracking\\src\\__tests__\\InteractionTrackingSubscriptions-test.internal.js": 1
  },
  { "packages\\interaction-tracking\\subscriptions.js": 1 },
  { "fixtures\\unstable-async\\suspense\\src\\components\\App.js": 1 },
  { "fixtures\\unstable-async\\time-slicing\\src\\index.js": 1 },
  {
    "packages\\react-native-renderer\\src\\__tests__\\ReactFabric-test.internal.js": 1
  },
  {
    "packages\\react-native-renderer\\src\\__tests__\\__snapshots__\\ReactFabric-test.internal.js.snap": 1
  },
  {
    "packages\\react-reconciler\\src\\__tests__\\ReactPersistentUpdatesMinimalism-test.js": 1
  },
  { "fixtures\\dom\\.gitignore": 1 },
  { "fixtures\\dom\\public\\renderer.html": 1 },
  { "fixtures\\dom\\public\\renderer.js": 1 },
  { "fixtures\\dom\\src\\components\\App.js": 1 },
  { "fixtures\\dom\\src\\components\\FixtureSet.js": 1 },
  { "fixtures\\dom\\src\\components\\Header.js": 1 },
  { "fixtures\\dom\\src\\components\\fixtures\\home.js": 1 },
  { "fixtures\\dom\\src\\components\\fixtures\\hydration\\Code.js": 1 },
  {
    "fixtures\\dom\\src\\components\\fixtures\\hydration\\code-transformer.js": 1
  },
  {
    "fixtures\\dom\\src\\components\\fixtures\\hydration\\codemirror-paraiso-dark.css": 1
  },
  { "fixtures\\dom\\src\\components\\fixtures\\hydration\\data.js": 1 },
  { "fixtures\\dom\\src\\components\\fixtures\\hydration\\hydration.css": 1 },
  { "fixtures\\dom\\src\\components\\fixtures\\hydration\\index.js": 1 },
  { "fixtures\\dom\\src\\components\\fixtures\\range-inputs\\index.js": 1 },
  { "fixtures\\dom\\src\\polyfills.js": 1 },
  { "fixtures\\dom\\src\\react-loader.js": 1 },
  { "fixtures\\dom\\src\\style.css": 1 },
  { "fixtures\\tracing\\test.html": 1 },
  { "fixtures\\tracing\\test.js": 1 },
  {
    "packages\\react-dom\\src\\__tests__\\ReactErrorBoundaries-test.internal.js": 1
  },
  {
    "packages\\react-dom\\src\\__tests__\\ReactLegacyErrorBoundaries-test.internal.js": 1
  },
  { "packages\\react-reconciler\\src\\ReactFiberLazyComponent.js": 1 },
  { "fixtures\\unstable-async\\suspense\\src\\index.js": 1 },
  { "packages\\jest-react\\src\\JestReact.js": 1 },
  { "packages\\react-debug-tools\\README.md": 1 },
  { "packages\\react-debug-tools\\index.js": 1 },
  { "packages\\react-debug-tools\\npm\\index.js": 1 },
  { "packages\\react-debug-tools\\src\\ReactDebugTools.js": 1 },
  { "packages\\react-dom\\src\\server\\ReactPartialRendererContext.js": 1 },
  { "packages\\react-dom\\src\\server\\ReactThreadIDAllocator.js": 1 },
  { "packages\\react\\src\\ReactContext.js": 1 },
  { "scripts\\rollup\\validate\\eslintrc.cjs.js": 1 },
  { "scripts\\rollup\\validate\\eslintrc.fb.js": 1 },
  { "scripts\\rollup\\validate\\eslintrc.umd.js": 1 },
  {
    "packages\\react-debug-tools\\src\\__tests__\\ReactHooksInspection-test.internal.js": 1
  },
  { "packages\\react-reconciler\\src\\ReactFiberDispatcher.js": 1 },
  { "src\\constants.js": 1 },
  { "src\\devtools\\views\\Element.css": 1 },
  { "src\\devtools\\views\\Elements.css": 1 },
  { "src\\devtools\\views\\Tree.css": 1 },
  { "src\\backend\\index.js": 1 },
  { "src\\devtools\\views\\Elements.js": 1 },
  { "src\\devtools\\views\\SearchContext.js": 1 },
  { "src\\devtools\\views\\SearchInput.js": 1 },
  { "shells\\dev\\app\\App.css": 1 },
  { "shells\\dev\\app\\App.js": 1 },
  { "shells\\dev\\app\\InspectableElements\\InspectableElements.css": 1 },
  { "shells\\dev\\app\\InspectableElements\\InspectableElements.js": 1 },
  { "shells\\dev\\app\\ToDoList\\List.css": 1 },
  { "shells\\dev\\app\\ToDoList\\List.js": 1 },
  { "shells\\dev\\app\\index.js": 1 },
  { "src\\devtools\\views\\SettingsContext.js": 1 },
  { "src\\devtools\\views\\Tree.js": 1 },
  { "src\\devtools\\views\\TreeContext.js": 1 },
  { "src\\backend\\views\\Overlay.js": 1 },
  {
    "packages\\react-debug-tools\\src\\__tests__\\ReactDevToolsHooksIntegration-test.js": 1
  },
  { "packages\\react-native-renderer\\src\\ReactFabricHostConfig.js": 1 },
  { "packages\\shared\\HostConfigWithNoPersistence.js": 1 },
  { "scripts\\jest\\config.source-persistent.js": 1 },
  { "scripts\\jest\\setupTests.persistent.js": 1 },
  { "shells\\browser\\shared\\src\\contentScript.js": 1 },
  { "packages\\react-cache\\src\\LRU.js": 1 },
  {
    "packages\\react-dom\\src\\__tests__\\ReactDOMSuspensePlaceholder-test.js": 1
  },
  { "packages\\react-dom\\unstable-new-scheduler.js": 1 },
  { "packages\\react-reconciler\\src\\ReactFiberScheduler.new.js": 1 },
  { "packages\\react-reconciler\\src\\ReactFiberScheduler.old.js": 1 },
  { "packages\\scheduler\\src\\__tests__\\Scheduler-test.js": 1 },
  { "packages\\scheduler\\src\\__tests__\\SchedulerDOM-test.js": 1 },
  { "packages\\scheduler\\src\\__tests__\\SchedulerNoDOM-test.js": 1 },
  { "packages\\shared\\forks\\ReactFeatureFlags.new-scheduler.js": 1 },
  { "packages\\shared\\forks\\ReactFeatureFlags.www-new-scheduler.js": 1 },
  { "scripts\\jest\\matchers\\schedulerTestMatchers.js": 1 },
  { "scripts\\shared\\inlinedHostConfigs.js": 1 },
  { "src\\devtools\\views\\Components\\SearchInput.js": 1 },
  { "src\\devtools\\views\\Components\\OwnersStack.css": 1 },
  { ".eslintrc": 1 },
  { "shells\\browser\\shared\\webpack.backend.js": 1 },
  { "src\\devtools\\views\\ErrorBoundary.css": 1 },
  { "src\\devtools\\views\\Settings\\Settings.js": 1 },
  { "src\\devtools\\views\\portaledContent.js": 1 },
  { "shells\\browser\\shared\\build.js": 1 },
  { "src\\devtools\\ProfilingCache.js": 1 },
  { "src\\devtools\\cache.js": 1 },
  { "src\\devtools\\views\\Components\\InspectedElementContext.js": 1 },
  {
    "packages\\react-events\\src\\__tests__\\TouchHitTarget-test.internal.js": 1
  },
  { "src\\__tests__\\__snapshots__\\storeOwners-test.js.snap": 1 },
  { "src\\__tests__\\storeOwners-test.js": 1 },
  { "src\\__tests__\\storeSerializer.js": 1 },
  { "src\\devtools\\views\\Components\\Element.js": 1 },
  { "flow.js": 1 },
  { "shells\\browser\\shared\\src\\backend.js": 1 },
  { "shells\\dev\\src\\backend.js": 1 },
  { "shells\\dev\\src\\devtools.js": 1 },
  { "src\\types.js": 1 },
  { "packages\\react-events\\docs\\Press.md": 1 },
  { "src\\__tests__\\__snapshots__\\profilingCharts-test.js.snap": 1 },
  { "packages\\react-dom\\src\\__tests__\\ReactFresh-test.internal.js": 1 },
  { "packages\\react-reconciler\\src\\ReactFiberHotReloading.js": 1 },
  {
    "packages\\react-reconciler\\src\\__tests__\\ReactIncrementalErrorReplay-test.internal.js": 1
  },
  { "src\\devtools\\views\\Profiler\\ProfilingImportExportButtons.js": 1 },
  { "src\\devtools\\views\\Profiler\\RootSelector.js": 1 },
  { "src\\devtools\\views\\Components\\SelectedTreeHighlight.js": 1 },
  { "src\\utils.js": 1 },
  { "src\\devtools\\views\\Components\\types.js": 1 },
  { "src\\devtools\\views\\Components\\Tree.css": 1 },
  { "src\\__tests__\\__snapshots__\\profilingCache-test.js.snap": 1 },
  { "src\\devtools\\views\\Profiler\\types.js": 1 },
  { "packages\\react-dom\\src\\events\\DOMEventResponderSystem.js": 1 },
  {
    "packages\\react-dom\\src\\events\\__tests__\\DOMEventResponderSystem-test.internal.js": 1
  },
  { "packages\\react-events\\src\\Drag.js": 1 },
  { "packages\\react-events\\src\\FocusScope.js": 1 },
  { "packages\\react-events\\src\\Hover.js": 1 },
  { "packages\\react-events\\src\\Scroll.js": 1 },
  { "packages\\react-events\\src\\Swipe.js": 1 },
  { "packages\\react-events\\src\\__tests__\\Focus-test.internal.js": 1 },
  { "packages\\react-events\\src\\__tests__\\Hover-test.internal.js": 1 },
  { "packages\\react-reconciler\\src\\ReactFiberEvents.js": 1 },
  {
    "packages\\react-reconciler\\src\\__tests__\\ReactFiberEvents-test-internal.js": 1
  },
  { "packages\\shared\\ReactDOMTypes.js": 1 },
  { "packages\\shared\\createEventComponent.js": 1 },
  { "packages\\scheduler\\src\\forks\\SchedulerHostConfig.default.js": 1 },
  { "src\\backend\\views\\Highlighter\\index.js": 1 },
  { "src\\devtools\\views\\ButtonIcon.js": 1 },
  { "src\\devtools\\views\\Components\\SelectedElement.css": 1 },
  { "src\\devtools\\views\\Components\\SelectedElement.js": 1 },
  { "src\\devtools\\views\\DevTools.js": 1 },
  { "src\\devtools\\views\\Icon.js": 1 },
  { "src\\devtools\\views\\ModalDialog.css": 1 },
  { "src\\devtools\\views\\Settings\\ComponentsSettings.js": 1 },
  { "src\\devtools\\views\\Settings\\SettingsModal.css": 1 },
  { "src\\devtools\\views\\Settings\\SettingsModal.js": 1 },
  { "src\\devtools\\views\\TabBar.css": 1 },
  { "src\\devtools\\views\\TabBar.js": 1 },
  { "packages\\react-events\\src\\dom\\Hover.js": 1 },
  {
    "packages\\react-events\\src\\dom\\__tests__\\ContextMenu-test.internal.js": 1
  },
  { "packages\\react-events\\src\\dom\\__tests__\\Hover-test.internal.js": 1 },
  { "packages\\react-events\\src\\dom\\test-utils.js": 1 },
  { "src\\devtools\\views\\Profiler\\CommitFlamegraph.css": 1 },
  { "src\\devtools\\views\\Profiler\\CommitRanked.css": 1 },
  { "src\\devtools\\views\\Profiler\\Interactions.css": 1 },
  { "src\\devtools\\views\\Profiler\\Profiler.css": 1 },
  { "packages\\react-devtools-extensions\\flow.js": 1 },
  { "packages\\react-devtools-shared\\src\\__tests__\\storeOwners-test.js": 1 },
  { "packages\\react-devtools-shared\\src\\__tests__\\storeSerializer.js": 1 },
  {
    "packages\\react-devtools-shared\\src\\backend\\NativeStyleEditor\\setupNativeStyleEditor.js": 1
  },
  { "packages\\react-devtools-shared\\src\\backend\\ReactDebugHooks.js": 1 },
  {
    "packages\\react-devtools-shared\\src\\backend\\views\\Highlighter\\index.js": 1
  },
  { "packages\\react-devtools-shared\\src\\devtools\\ProfilerStore.js": 1 },
  { "packages\\react-devtools-shared\\src\\devtools\\utils.js": 1 },
  { "src\\devtools\\views\\Profiler\\SnapshotSelector.js": 1 },
  { "packages\\react-devtools-shared\\src\\__tests__\\bridge-test.js": 1 },
  { "packages\\use-subscription\\src\\useSubscription.js": 1 },
  { "packages\\scheduler\\src\\__tests__\\SchedulerProfiling-test.js": 1 },
  { "packages\\react-dom\\src\\client\\ReactDOMTextarea.js": 1 },
  { "packages\\legacy-events\\EventPluginHub.js": 1 },
  { "packages\\legacy-events\\EventSystemFlags.js": 1 },
  { "packages\\legacy-events\\PluginModuleType.js": 1 },
  { "packages\\legacy-events\\ResponderEventPlugin.js": 1 },
  {
    "packages\\legacy-events\\__tests__\\ResponderEventPlugin-test.internal.js": 1
  },
  { "packages\\react-dom\\src\\events\\ReactDOMEventReplaying.js": 1 },
  {
    "packages\\react-devtools-shared\\src\\devtools\\views\\Components\\EditableValue.js": 1
  },
  {
    "packages\\react-devtools-shared\\src\\devtools\\views\\Components\\KeyValue.js": 1
  },
  {
    "packages\\react-dom\\src\\client\\__tests__\\trustedTypes-test.internal.js": 1
  },
  {
    "packages\\react-devtools-shared\\src\\devtools\\views\\Components\\EditableName.css": 1
  },
  { "packages\\react\\src\\__tests__\\ReactStrictMode-test.js": 1 },
  {
    "packages\\react-devtools-shared\\src\\devtools\\views\\Profiler\\utils.js": 1
  },
  {
    "packages\\react-devtools-shared\\src\\devtools\\views\\Components\\Components.css": 1
  },
  {
    "packages\\react-devtools-shared\\src\\devtools\\views\\Components\\Components.js": 1
  },
  {
    "packages\\react-devtools-shared\\src\\devtools\\views\\Components\\ComponentsResizer.css": 1
  },
  {
    "packages\\react-devtools-shared\\src\\devtools\\views\\Components\\ComponentsResizer.js": 1
  },
  { "packages\\create-subscription\\package.json": 1 },
  { "packages\\react-refresh\\package.json": 1 },
  { "packages\\react-test-renderer\\package.json": 1 },
  { "packages\\scheduler\\package.json": 1 },
  { "packages\\use-subscription\\package.json": 1 },
  { "scripts\\release\\publish-commands\\download-error-codes-from-ci.js": 1 },
  { "packages\\shared\\forks\\object-assign.inline-umd.js": 1 },
  { "scripts\\babel\\transform-object-assign-require.js": 1 },
  { "packages\\react-interactions\\events\\src\\dom\\PressLegacy.js": 1 },
  { "packages\\react-interactions\\events\\src\\dom\\Tap.js": 1 },
  {
    "packages\\react-interactions\\events\\src\\dom\\__tests__\\Press-test.internal.js": 1
  },
  {
    "packages\\react-interactions\\events\\src\\dom\\__tests__\\PressLegacy-test.internal.js": 1
  },
  { "packages\\react-dom\\src\\events\\DOMLegacyEventPluginSystem.js": 1 },
  {
    "packages\\react-devtools-shared\\src\\devtools\\views\\Components\\HooksTree.css": 1
  },
  { "packages\\react-dom\\src\\client\\ReactDOMOption.js": 1 },
  { "packages\\react-reconciler\\src\\ReactMutableSource.js": 1 },
  { "packages\\react-art\\src\\__tests__\\ReactART-test.js": 1 },
  { "packages\\react-cache\\src\\__tests__\\ReactCache-test.internal.js": 1 },
  { "packages\\react-dom\\src\\__tests__\\ReactTestUtilsAct-test.js": 1 },
  {
    "packages\\react-reconciler\\src\\__tests__\\ReactBatchedMode-test.internal.js": 1
  },
  {
    "packages\\react-reconciler\\src\\__tests__\\ReactDisableSchedulerTimeoutBasedOnReactExpirationTime-test.internal.js": 1
  },
  {
    "packages\\react-test-renderer\\src\\__tests__\\ReactTestRendererAsync-test.internal.js": 1
  },
  { "packages\\react\\src\\__tests__\\forwardRef-test.internal.js": 1 },
  { "packages\\scheduler\\src\\forks\\SchedulerHostConfig.mock.js": 1 },
  { "packages\\shared\\ConsolePatchingDev.js": 1 },
  { "packages\\react-reconciler\\src\\ReactFiberComponentStack.js": 1 },
  { "packages\\shared\\ReactComponentStackFrame.js": 1 },
  {
    "packages\\react-dom\\src\\__tests__\\ReactDOMServerIntegrationModes-test.js": 1
  },
  { "packages\\react-dom\\src\\events\\DOMEventListenerMap.js": 1 },
  {
    "packages\\react-dom\\src\\events\\plugins\\ModernSelectEventPlugin.js": 1
  },
  {
    "packages\\react-dom\\src\\events\\plugins\\__tests__\\LegacySelectEventPlugin-test.js": 1
  },
  {
    "packages\\react-dom\\src\\events\\plugins\\__tests__\\ModernBeforeInputEventPlugin-test.internal.js": 1
  },
  {
    "packages\\react-dom\\src\\events\\plugins\\__tests__\\ModernSelectEventPlugin-test.internal.js": 1
  },
  { "packages\\react-dom\\src\\shared\\sanitizeURL.js": 1 },
  { "packages\\shared\\forks\\consoleWithStackDev.www.js": 1 },
  { "scripts\\jest\\matchers\\toWarnDev.js": 1 },
  {
    "packages\\react-dom\\src\\events\\DeprecatedDOMEventResponderSystem.js": 1
  },
  { "packages\\react-reconciler\\src\\ReactFiberDeprecatedEvents.old.js": 1 },
  { "packages\\react-reconciler\\src\\ReactFiberDevToolsHook.new.js": 1 },
  { "packages\\react-reconciler\\src\\__tests__\\ReactExpiration-test.js": 1 },
  { "packages\\react-reconciler\\src\\ReactWorkTags.js": 1 },
  {
    "packages\\react-reconciler\\src\\__tests__\\ReactSuspenseCallback-test.internal.js": 1
  },
  {
    "packages\\react-dom\\src\\events\\plugins\\ModernEnterLeaveEventPlugin.js": 1
  },
  { "scripts\\rollup\\plugins\\closure-plugin.js": 1 },
  { "packages\\react-devtools-inline\\src\\backend.js": 1 },
  { "packages\\react-devtools-shared\\src\\__tests__\\console-test.js": 1 },
  { "packages\\react-devtools-shared\\src\\backend\\console.js": 1 },
  { "packages\\react-devtools-shared\\src\\constants.js": 1 },
  {
    "packages\\react-devtools-shared\\src\\devtools\\views\\Settings\\DebuggingSettings.js": 1
  },
  {
    "packages\\react-devtools-shared\\src\\devtools\\views\\Settings\\SettingsContext.js": 1
  },
  {
    "packages\\react-devtools-shared\\src\\devtools\\views\\Settings\\SettingsModal.js": 1
  },
  { "packages\\react-reconciler\\src\\ReactSideEffectTags.js": 1 },
  { "packages\\react-reconciler\\src\\ReactSubtreeTags.js": 1 },
  {
    "packages\\react-reconciler\\src\\__tests__\\useMutableSourceHydration-test.js": 1
  },
  {
    "packages\\react-devtools-shared\\src\\__tests__\\__snapshots__\\ownersListContext-test.js.snap": 1
  },
  {
    "packages\\react-devtools-shared\\src\\__tests__\\ownersListContext-test.js": 1
  },
  { "packages\\react-refresh\\src\\ReactFreshBabelPlugin.js": 1 },
  {
    "packages\\react-refresh\\src\\__tests__\\ReactFreshBabelPlugin-test.js": 1
  },
  { "packages\\react-client\\src\\ReactFlightClient.js": 1 },
  { "packages\\react-client\\src\\ReactFlightClientStream.js": 1 },
  { "packages\\react-client\\src\\__tests__\\ReactFlight-test.js": 1 },
  { "packages\\react-noop-renderer\\src\\ReactNoopFlightServer.js": 1 },
  { "packages\\react-server\\src\\ReactFlightServerBundlerConfigCustom.js": 1 },
  { "packages\\react-server\\src\\ReactFlightServerConfigStream.js": 1 },
  {
    "packages\\react-transport-dom-relay\\src\\ReactFlightDOMRelayClient.js": 1
  },
  {
    "packages\\react-transport-dom-relay\\src\\ReactFlightDOMRelayClientHostConfig.js": 1
  },
  {
    "packages\\react-transport-dom-relay\\src\\ReactFlightDOMRelayServerHostConfig.js": 1
  },
  {
    "packages\\react-transport-dom-relay\\src\\__mocks__\\JSResourceReference.js": 1
  },
  {
    "packages\\react-transport-dom-relay\\src\\__mocks__\\ReactFlightDOMRelayClientIntegration.js": 1
  },
  {
    "packages\\react-transport-dom-relay\\src\\__mocks__\\ReactFlightDOMRelayServerIntegration.js": 1
  },
  {
    "packages\\react-transport-dom-relay\\src\\__tests__\\ReactFlightDOMRelay-test.internal.js": 1
  },
  {
    "packages\\react-transport-dom-webpack\\src\\ReactFlightServerWebpackBundlerConfig.js": 1
  },
  {
    "packages\\react-transport-dom-webpack\\src\\__tests__\\ReactFlightDOM-test.js": 1
  },
  { "scripts\\flow\\react-relay-hooks.js": 1 },
  { "scripts\\jest\\setupHostConfigs.js": 1 },
  {
    "packages\\react-dom\\src\\events\\__tests__\\DOMPluginEventSystem-test.internal.js": 1
  },
  { "packages\\scheduler\\src\\forks\\SchedulerDOM.js": 1 },
  { "packages\\scheduler\\src\\forks\\SchedulerPostTaskOnly.js": 1 },
  { "packages\\react\\src\\ReactMutableSource.js": 1 },
  {
    "packages\\react-devtools-shared\\src\\__tests__\\legacy\\inspectElement-test.js": 1
  },
  { "packages\\react-devtools-shared\\src\\backendAPI.js": 1 },
  {
    "packages\\react-devtools-shared\\src\\devtools\\views\\Components\\InspectedElement.js": 1
  },
  { "packages\\react-devtools-shared\\src\\inspectedElementCache.js": 1 },
  {
    "packages\\react-devtools-shared\\src\\inspectedElementMutableSource.js": 1
  },
  { "packages\\react-dom\\src\\client\\ReactDOMRoot.js": 1 },
  {
    "packages\\react-reconciler\\src\\__tests__\\ReactDoubleInvokeEvents-test.internal.js": 1
  },
  {
    "packages\\react-reconciler\\src\\__tests__\\StrictEffectsMode-test.js": 1
  },
  {
    "packages\\react-reconciler\\src\\__tests__\\StrictEffectsModeDefaults-test.internal.js": 1
  },
  { "packages\\react-dom\\src\\__tests__\\ReactWrongReturnPointer-test.js": 1 },
  {
    "packages\\react-reconciler\\src\\__tests__\\ReactSuspenseEffectsSemantics-test.js": 1
  },
  { "packages\\react-devtools-core\\package.json": 1 },
  { "packages\\react-devtools-extensions\\chrome\\manifest.json": 1 },
  { "packages\\react-devtools-extensions\\edge\\manifest.json": 1 },
  { "packages\\react-devtools-extensions\\firefox\\manifest.json": 1 },
  { "packages\\react-devtools-inline\\package.json": 1 },
  { "packages\\react-devtools\\package.json": 1 },
  {
    "packages\\react-devtools-shared\\src\\backend\\DevToolsComponentStackFrame.js": 1
  },
  {
    "packages\\react-devtools-shared\\src\\backend\\DevToolsConsolePatching.js": 1
  },
  {
    "packages\\react-reconciler\\src\\__tests__\\ReactSubtreeFlagsWarning-test.js": 1
  },
  {
    "packages\\react-devtools-shared\\src\\devtools\\views\\ErrorBoundary\\githubAPI.js": 1
  },
  {
    "packages\\react-devtools-shared\\src\\devtools\\views\\Profiler\\Profiler.js": 1
  },
  {
    "packages\\react-devtools-shared\\src\\devtools\\views\\portaledContent.js": 1
  },
  {
    "packages\\react-devtools-shared\\src\\__tests__\\FastRefreshDevToolsIntegration-test.js": 1
  },
  { "packages\\react-dom\\src\\__tests__\\ReactFunctionComponent-test.js": 1 },
  { "packages\\react-server\\src\\ReactFizzComponentStack.js": 1 },
  {
    "packages\\react-devtools-shared\\src\\devtools\\views\\Settings\\SettingsModal.css": 1
  },
  { "packages\\react-devtools-shared\\src\\devtools\\views\\TabBar.css": 1 },
  { "packages\\react-devtools-extensions\\package.json": 1 },
  {
    "packages\\react-devtools-extensions\\src\\__tests__\\__source__\\__compiled__\\external\\ComponentWithCustomHook.js": 1
  },
  {
    "packages\\react-devtools-extensions\\src\\__tests__\\__source__\\__compiled__\\external\\ComponentWithCustomHook.js.map": 1
  },
  {
    "packages\\react-devtools-extensions\\src\\__tests__\\__source__\\__compiled__\\external\\ComponentWithExternalCustomHooks.js": 1
  },
  {
    "packages\\react-devtools-extensions\\src\\__tests__\\__source__\\__compiled__\\external\\Example.js": 1
  },
  {
    "packages\\react-devtools-extensions\\src\\__tests__\\__source__\\__compiled__\\external\\InlineRequire.js": 1
  },
  {
    "packages\\react-devtools-extensions\\src\\__tests__\\__source__\\__compiled__\\external\\ToDoList.js": 1
  },
  {
    "packages\\react-devtools-extensions\\src\\__tests__\\__source__\\__compiled__\\external\\useTheme.js": 1
  },
  {
    "packages\\react-devtools-extensions\\src\\__tests__\\__source__\\__compiled__\\inline\\ComponentWithCustomHook.js": 1
  },
  {
    "packages\\react-devtools-extensions\\src\\__tests__\\__source__\\__compiled__\\inline\\ComponentWithExternalCustomHooks.js": 1
  },
  {
    "packages\\react-devtools-extensions\\src\\__tests__\\__source__\\__compiled__\\inline\\Example.js": 1
  },
  {
    "packages\\react-devtools-extensions\\src\\__tests__\\__source__\\__compiled__\\inline\\InlineRequire.js": 1
  },
  {
    "packages\\react-devtools-extensions\\src\\__tests__\\__source__\\__compiled__\\inline\\ToDoList.js": 1
  },
  {
    "packages\\react-devtools-extensions\\src\\__tests__\\__source__\\__compiled__\\inline\\useTheme.js": 1
  },
  {
    "packages\\react-devtools-extensions\\src\\__tests__\\updateMockSourceMaps.js": 1
  },
  { "packages\\react-devtools-extensions\\src\\astUtils.js": 1 },
  { "packages\\react-devtools-shared\\src\\hookNamesCache.js": 1 },
  {
    "packages\\react-devtools-extensions\\src\\__tests__\\__source__\\ContainingStringSourceMappingURL.js": 1
  },
  {
    "packages\\react-devtools-extensions\\src\\__tests__\\__source__\\__compiled__\\external\\ContainingStringSourceMappingURL.js": 1
  },
  {
    "packages\\react-devtools-extensions\\src\\__tests__\\__source__\\__compiled__\\external\\ContainingStringSourceMappingURL.js.map": 1
  },
  {
    "packages\\react-devtools-extensions\\src\\__tests__\\__source__\\__compiled__\\inline\\ContainingStringSourceMappingURL.js": 1
  },
  {
    "packages\\use-sync-external-store\\src\\__tests__\\useSyncExternalStoreShared-test.js": 1
  },
  { "fixtures\\dom\\src\\components\\fixtures\\media-events\\index.js": 1 },
  {
    "packages\\react-dom\\src\\__tests__\\ReactDOMEventPropagation-test.js": 1
  },
  {
    "packages\\react-dom\\src\\__tests__\\__snapshots__\\ReactTestUtils-test.js.snap": 1
  },
  { "packages\\react-dom\\src\\events\\DOMEventNames.js": 1 },
  { "packages\\react-dom\\src\\events\\DOMEventProperties.js": 1 },
  { "packages\\react-dom\\src\\events\\DOMPluginEventSystem.js": 1 },
  { "packages\\react-dom\\src\\events\\TopLevelEventTypes.js": 1 },
  {
    "packages\\react-reconciler\\src\\__tests__\\useSyncExternalStore-test.js": 1
  },
  { "scripts\\jest\\TestFlags.js": 1 },
  { "scripts\\rollup\\utils.js": 1 },
  { "dangerfile.js": 1 },
  { "fixtures\\dom\\src\\components\\fixtures\\error-handling\\index.js": 1 },
  {
    "packages\\react-devtools-shared\\src\\hooks\\SourceMapMetadataConsumer.js": 1
  },
  {
    "packages\\react-dom\\src\\__tests__\\ReactDOMServerIntegrationUntrustedURL-test.internal.js": 1
  },
  { "packages\\react-dom\\src\\__tests__\\ReactDOMTextComponent-test.js": 1 },
  { "packages\\react-dom\\src\\__tests__\\ReactIdentity-test.js": 1 },
  { "packages\\react-dom\\src\\client\\ReactDOMInput.js": 1 },
  { "packages\\react-dom\\src\\server\\escapeTextForBrowser.js": 1 },
  { "packages\\react-reconciler\\src\\__tests__\\ReactCache-test.js": 1 },
  { "packages\\react-reconciler\\src\\__tests__\\ReactIncremental-test.js": 1 },
  { "packages\\react\\src\\jsx\\ReactJSXElement.js": 1 },
  { "packages\\shared\\CheckStringCoercion.js": 1 },
  {
    "scripts\\eslint-rules\\__tests__\\no-primitive-constructors-test.internal.js": 1
  },
  {
    "scripts\\eslint-rules\\__tests__\\safe-string-coercion-test.internal.js": 1
  },
  { "scripts\\eslint-rules\\index.js": 1 },
  { "scripts\\eslint-rules\\no-primitive-constructors.js": 1 },
  { "scripts\\eslint-rules\\safe-string-coercion.js": 1 },
  { "scripts\\flow\\runFlow.js": 1 },
  { "scripts\\merge-fork\\merge-fork.js": 1 },
  { "scripts\\rollup\\build-all-release-channels.js": 1 },
  { "packages\\react-devtools-extensions\\utils.js": 1 },
  { "packages\\react-reconciler\\src\\ReactFiberSuspenseComponent.old.js": 1 },
  { "packages\\react-reconciler\\src\\ReactFiberUnwindWork.old.js": 1 },
  { "packages\\react-reconciler\\src\\clz32.js": 1 },
  { "packages\\react-server\\src\\ReactFizzTreeContext.js": 1 },
  { "packages\\react-suspense-test-utils\\src\\ReactSuspenseTestUtils.js": 1 },
  { "packages\\react\\index.stable.js": 1 },
  { "packages\\react\\unstable-shared-subset.experimental.js": 1 },
  {
    "packages\\react-native-renderer\\src\\__mocks__\\react-native\\Libraries\\ReactPrivate\\RawEventEmitter.js": 1
  },
  {
    "packages\\react-native-renderer\\src\\__mocks__\\react-native\\Libraries\\ReactPrivate\\ReactNativePrivateInterface.js": 1
  },
  { "scripts\\flow\\react-native-host-hooks.js": 1 },
  {
    "packages\\react-server-dom-webpack\\src\\__tests__\\ReactFlightDOMBrowser-test.js": 1
  },
  {
    "packages\\react-dom\\src\\__tests__\\ReactDOMServerIntegrationElements-test.js": 1
  },
  {
    "packages\\react-dom\\src\\__tests__\\ReactDOMServerIntegrationTextarea-test.js": 1
  },
  {
    "packages\\react-devtools-shared\\src\\devtools\\views\\Settings\\SettingsShared.css": 1
  },
  { "packages\\react-devtools-shell\\src\\app\\index.js": 1 },
  { "packages\\react-server-dom-relay\\src\\ReactDOMServerFB.js": 1 },
  { "fixtures\\ssr\\server\\render.js": 1 },
  { "fixtures\\ssr2\\server\\render.js": 1 },
  {
    "packages\\react-dom\\src\\__tests__\\ReactDOMFizzServerBrowser-test.js": 1
  },
  { "packages\\react-dom\\src\\server\\ReactDOMFizzServerBrowser.js": 1 },
  { "packages\\react-dom\\src\\server\\ReactDOMFizzServerNode.js": 1 },
  { "packages\\react-dom\\src\\server\\ReactDOMLegacyServerBrowser.js": 1 },
  { "packages\\react-noop-renderer\\src\\ReactNoopServer.js": 1 },
  { "packages\\react-devtools-extensions\\src\\contentScript.js": 1 },
  {
    "packages\\react-devtools-shared\\src\\__tests__\\preprocessData-test.js": 1
  },
  {
    "packages\\react-devtools-timeline\\src\\import-worker\\preprocessData.js": 1
  },
  { "scripts\\release\\shared-commands\\get-build-id-for-commit.js": 1 },
  { "scripts\\release\\shared-commands\\parse-params.js": 1 },
  { "packages\\react-reconciler\\src\\ReactFiberConcurrentUpdates.old.js": 1 },
  { "packages\\react-reconciler\\src\\ReactFiberHotReloading.old.js": 1 },
  {
    "packages\\react-devtools-inline\\__tests__\\__e2e__\\components.test.js": 1
  },
  { "packages\\react-devtools-inline\\playwright.config.js": 1 },
  { "scripts\\circleci\\run_devtools_e2e_tests.js": 1 },
  { "packages\\react-reconciler\\src\\__tests__\\ReactOffscreen-test.js": 1 },
  {
    "packages\\react-reconciler\\src\\__tests__\\ReactOffscreenSuspense-test.js": 1
  }
]
